InvID,calid,ProductID,WhInv,InvCostPerUnit
1251,12,1,495,0.46164
1252,12,2,37,1.54673
1253,12,3,326,2.15799
1254,12,4,370,0.35419
1255,12,5,81,1.95763
1256,12,6,98,0.1635
1257,12,7,30,1.80522
1258,12,8,55,0.7187
1259,12,9,76,2.1296
1260,12,10,0,0.33154
1261,12,11,2,0.49709
1262,12,12,3,0.52823
1263,12,13,2,1.93076
1264,12,14,8,0.67223
1265,12,15,9,1.34558
1266,12,16,2,1.42734
1267,12,17,10,0.13025
1268,12,18,3,2.21446
1269,12,19,3,1.9901
1270,12,20,8,2.0917
1271,12,21,18,0.97875
1272,12,22,0,1.50748
1273,12,23,10,2.07251
1274,12,24,2,0.63869
1275,12,25,1,0.22158
1276,12,26,8,0.25819
1277,12,27,9,0.1518
1278,12,28,1,0.83028
1279,12,29,0,0.9037
1280,12,30,9,1.58203
1281,12,31,27,1.99569
1282,12,32,0,2.01709
1283,12,33,1,0.84536
1284,12,34,10,1.79565
1285,12,35,0,0.14113
1286,12,36,0,1.25657
1287,12,37,0,0.10415
1288,12,38,15,0.21696
1289,12,39,3,2.11983
1290,12,40,0,0.58212
1291,12,41,0,2.15558
1292,12,42,0,2.11958
1293,12,43,1,0.23884
1294,12,44,5,1.75087
1295,12,45,15,1.65472
1296,12,46,12,0.41673
1297,12,47,3,0.49604
1298,12,48,3,1.14019
1299,12,49,1,0.50486
1300,12,50,2,2.26241
1301,12,51,3,1.64035
1302,12,52,1,2.19468
1303,12,53,2,1.13933
1304,12,54,4,0.32395
1305,12,55,0,0.29771
1306,12,56,0,1.11986
1307,12,57,32,0.61348
1308,12,58,0,1.6235
1309,12,59,0,1.08032
1310,12,60,2,2.01471
1311,12,61,0,2.13081
1312,12,62,3,0.89837
1313,12,63,2,1.54979
1314,12,64,0,2.2043
1315,12,65,0,0.51863
1316,12,66,2,0.34897
1317,12,67,0,0.29943
1318,12,68,0,2.19079
1319,12,69,0,1.40971
1320,12,70,0,1.25325
1321,12,71,0,1.95394
1322,12,72,0,1.21922
1323,12,73,0,1.13468
1324,12,74,3,1.55783
1325,12,75,0,1.62927
1326,12,76,0,1.8402
1327,12,77,0,1.52282
1328,12,78,0,1.81869
1329,12,79,0,1.2891
1330,12,80,0,0.84321
1331,12,81,0,1.5316
1332,12,82,0,1.04007
1333,12,83,7,0.76229
1334,12,84,0,1.05034
1335,12,85,0,2.14784
1336,12,86,0,1.5404
1337,12,87,0,0.99418
1338,12,88,0,1.84346
1339,12,89,0,0.83788
1340,12,90,0,1.35733
1341,12,91,0,0.34792
1342,12,92,0,0.23014
1343,12,93,0,0.12248
1344,12,94,0,2.28869
1345,12,95,0,1.95735
1346,12,96,0,1.03256
1347,12,97,0,0.66072
1348,12,98,0,1.16003
1349,12,99,0,2.29789
1350,12,100,0,1.60297
1351,12,101,0,0.28053
1352,12,102,0,2.174
1353,12,103,0,1.27618
1354,12,104,0,1.35241
1355,12,105,0,0.15229
1356,12,106,0,0.19086
1357,12,107,0,1.49732
1358,12,108,0,2.03552
1359,12,109,0,0.3439
1360,12,110,0,1.53482
1361,12,111,0,1.13739
1362,12,112,0,1.09126
1363,12,113,0,1.15801
1364,12,114,0,1.12785
1365,12,115,18,1.3108
1366,12,116,15,0.88075
1367,12,117,37,0.12835
1368,12,118,24,0.7346
2667,24,1,674,0.36383
2668,24,2,471,1.46573
2669,24,3,460,0.46938
2670,24,4,352,0.69697
2671,24,5,124,0.63537
2672,24,6,119,1.35966
2673,24,7,128,0.83007
2674,24,8,81,0.90134
2675,24,9,87,0.87319
2676,24,10,5,1.93102
2677,24,11,3,0.74111
2678,24,12,0,1.74775
2679,24,13,5,1.90115
2680,24,14,10,1.01168
2681,24,15,9,1.46912
2682,24,16,17,1.16303
2683,24,17,3,1.07962
2684,24,18,4,1.15211
2685,24,19,17,1.37702
2686,24,20,9,1.41416
2687,24,21,24,0.56745
2688,24,22,8,2.04082
2689,24,23,3,1.97753
2690,24,24,16,0.44588
2691,24,25,9,2.1395
2692,24,26,3,1.65004
2693,24,27,4,0.35646
2694,24,28,0,1.98279
2695,24,29,0,0.90794
2696,24,30,9,0.12237
2697,24,31,0,1.07097
2698,24,32,8,0.40868
2699,24,33,3,1.85408
2700,24,34,1,0.58538
2701,24,35,1,1.21077
2702,24,36,0,0.66911
2703,24,37,0,1.2093
2704,24,38,6,0.48366
2705,24,39,8,0.20073
2706,24,40,5,0.34266
2707,24,41,0,1.06907
2708,24,42,1,1.55311
2709,24,43,6,0.67206
2710,24,44,0,2.02004
2711,24,45,0,1.65921
2712,24,46,8,0.57937
2713,24,47,8,0.64672
2714,24,48,1,0.36902
2715,24,49,0,2.06992
2716,24,50,9,1.20333
2717,24,51,1,1.26121
2718,24,52,14,2.24884
2719,24,53,1,0.71459
2720,24,54,7,1.02966
2721,24,55,0,0.85179
2722,24,56,0,0.34017
2723,24,57,11,1.95814
2724,24,58,0,0.38293
2725,24,59,0,1.89258
2726,24,60,0,2.02495
2727,24,61,0,1.23958
2728,24,62,0,0.49693
2729,24,63,0,0.63749
2730,24,64,0,1.37326
2731,24,65,0,1.93348
2732,24,66,0,0.90555
2733,24,67,0,1.93474
2734,24,68,0,2.29056
2735,24,69,0,0.88181
2736,24,70,0,0.64537
2737,24,71,0,1.65084
2738,24,72,0,0.30304
2739,24,73,0,1.93197
2740,24,74,0,0.1239
2741,24,75,0,1.91284
2742,24,76,0,0.56565
2743,24,77,0,1.66417
2744,24,78,0,0.87483
2745,24,79,0,2.14245
2746,24,80,1,2.24876
2747,24,81,0,0.94829
2748,24,82,0,0.52745
2749,24,83,0,1.9013
2750,24,84,0,0.36352
2751,24,85,0,0.57943
2752,24,86,0,0.87771
2753,24,87,0,1.32253
2754,24,88,0,0.27886
2755,24,89,0,1.51697
2756,24,90,0,0.65772
2757,24,91,0,1.00156
2758,24,92,0,0.81432
2759,24,93,0,0.61231
2760,24,94,0,0.54514
2761,24,95,0,1.98858
2762,24,96,0,0.63425
2763,24,97,0,1.39713
2764,24,98,0,0.33577
2765,24,99,0,1.07751
2766,24,100,0,0.66119
2767,24,101,0,1.981
2768,24,102,0,0.95359
2769,24,103,0,2.33412
2770,24,104,0,1.12593
2771,24,105,0,1.39702
2772,24,106,0,0.70154
2773,24,107,0,1.89665
2774,24,108,0,0.25271
2775,24,109,0,0.65336
2776,24,110,0,2.2673
2777,24,111,0,1.53386
2778,24,112,0,0.33602
2779,24,113,0,1.43634
2780,24,114,0,2.10147
2781,24,115,4,2.25917
2782,24,116,26,1.97993
2783,24,117,26,0.22458
2784,24,118,33,1.98829
4083,36,1,0,0.69517
4084,36,2,2,1.29291
4085,36,3,0,0.56531
4086,36,4,1,1.26321
4087,36,5,0,1.47648
4088,36,6,0,0.69591
4089,36,7,0,1.39148
4090,36,8,0,0.20291
4091,36,9,0,1.54601
4092,36,10,0,0.48119
4093,36,11,0,1.96183
4094,36,12,0,2.07809
4095,36,13,0,0.6607
4096,36,14,0,1.50903
4097,36,15,0,1.66425
4098,36,16,0,1.56399
4099,36,17,0,2.24724
4100,36,18,0,1.06684
4101,36,19,2,2.16158
4102,36,20,0,0.47667
4103,36,21,2,1.00809
4104,36,22,0,0.35118
4105,36,23,0,0.75101
4106,36,24,0,1.00566
4107,36,25,0,0.20643
4108,36,26,0,1.62777
4109,36,27,2,2.24605
4110,36,28,0,0.5795
4111,36,29,0,1.39674
4112,36,30,0,1.06069
4113,36,31,0,0.43135
4114,36,32,0,0.55428
4115,36,33,0,0.70054
4116,36,34,0,1.5948
4117,36,35,0,0.63609
4118,36,36,0,1.88895
4119,36,37,0,1.29098
4120,36,38,0,1.06017
4121,36,39,0,0.24553
4122,36,40,0,1.27932
4123,36,41,0,0.94013
4124,36,42,0,2.31993
4125,36,43,1,1.0308
4126,36,44,0,1.88977
4127,36,45,0,0.73373
4128,36,46,0,0.88756
4129,36,47,0,1.88503
4130,36,48,0,0.77155
4131,36,49,0,0.83715
4132,36,50,0,0.79216
4133,36,51,0,0.4519
4134,36,52,0,1.72672
4135,36,53,0,0.30745
4136,36,54,0,0.28923
4137,36,55,0,0.33793
4138,36,56,0,1.1257
4139,36,57,14,1.56369
4140,36,58,0,1.27555
4141,36,59,2,0.99933
4142,36,60,64,2.03553
4143,36,61,0,1.98371
4144,36,62,4,1.87778
4145,36,63,13,1.3625
4146,36,64,4,1.34376
4147,36,65,2,2.07928
4148,36,66,16,2.26272
4149,36,67,0,2.01992
4150,36,68,0,1.87068
4151,36,69,133,0.19512
4152,36,70,0,0.87784
4153,36,71,0,0.89532
4154,36,72,0,2.33326
4155,36,73,0,1.64028
4156,36,74,0,0.76304
4157,36,75,18,0.18893
4158,36,76,0,1.2039
4159,36,77,0,1.91129
4160,36,78,0,0.42388
4161,36,79,0,1.5587
4162,36,80,0,0.35075
4163,36,81,0,1.44465
4164,36,82,0,0.28817
4165,36,83,42,1.58784
4166,36,84,0,2.06503
4167,36,85,0,1.1476
4168,36,86,3,1.57465
4169,36,87,0,0.24096
4170,36,88,0,1.09327
4171,36,89,0,1.1183
4172,36,90,0,1.26731
4173,36,91,0,1.74796
4174,36,92,0,1.3918
4175,36,93,0,2.08941
4176,36,94,0,0.95654
4177,36,95,0,0.66784
4178,36,96,0,1.0839
4179,36,97,0,0.90172
4180,36,98,0,1.60391
4181,36,99,0,0.43288
4182,36,100,0,0.34053
4183,36,101,0,2.22542
4184,36,102,0,1.59059
4185,36,103,0,0.93751
4186,36,104,0,0.61532
4187,36,105,0,2.27348
4188,36,106,0,2.11183
4189,36,107,0,1.04738
4190,36,108,0,2.00022
4191,36,109,0,0.23621
4192,36,110,0,1.37169
4193,36,111,0,1.43061
4194,36,112,0,0.94231
4195,36,113,0,0.3946
4196,36,114,0,0.46527
4197,36,115,1,0.36106
4198,36,116,9,2.22684
4199,36,117,23,1.84297
4200,36,118,36,1.49431
1133,11,1,391,1.81173
1134,11,2,455,2.31835
1135,11,3,64,1.19906
1136,11,4,231,1.66624
1137,11,5,267,0.76861
1138,11,6,125,2.07841
1139,11,7,106,0.67388
1140,11,8,53,1.28276
1141,11,9,101,1.19441
1142,11,10,6,2.0856
1143,11,11,30,0.66565
1144,11,12,1,0.55208
1145,11,13,10,0.76866
1146,11,14,9,1.05407
1147,11,15,0,2.10203
1148,11,16,0,1.67156
1149,11,17,5,1.0227
1150,11,18,13,2.05641
1151,11,19,2,2.0622
1152,11,20,6,0.22949
1153,11,21,3,1.53535
1154,11,22,1,2.01771
1155,11,23,30,1.04336
1156,11,24,16,0.31307
1157,11,25,2,1.92142
1158,11,26,4,2.22715
1159,11,27,4,1.89537
1160,11,28,3,1.70925
1161,11,29,2,0.15763
1162,11,30,4,1.8739
1163,11,31,0,1.7014
1164,11,32,7,1.90181
1165,11,33,18,1.81937
1166,11,34,2,1.38107
1167,11,35,1,0.20808
1168,11,36,19,0.41793
1169,11,37,0,1.36168
1170,11,38,3,0.29332
1171,11,39,0,1.52911
1172,11,40,6,2.10496
1173,11,41,2,1.31416
1174,11,42,8,0.92929
1175,11,43,2,1.07466
1176,11,44,17,1.33446
1177,11,45,3,1.29615
1178,11,46,1,0.9012
1179,11,47,1,1.22434
1180,11,48,23,1.61812
1181,11,49,0,0.86447
1182,11,50,2,1.51577
1183,11,51,0,1.60317
1184,11,52,0,1.61851
1185,11,53,0,1.00665
1186,11,54,0,0.33862
1187,11,55,0,1.21291
1188,11,56,0,0.16378
1189,11,57,19,1.43756
1190,11,58,0,1.44137
1191,11,59,0,2.08802
1192,11,60,0,0.71329
1193,11,61,0,1.599
1194,11,62,1,0.27315
1195,11,63,0,1.15149
1196,11,64,0,0.22911
1197,11,65,0,1.31931
1198,11,66,0,1.64301
1199,11,67,0,1.4625
1200,11,68,0,1.55673
1201,11,69,0,2.0233
1202,11,70,0,0.88721
1203,11,71,0,1.18541
1204,11,72,0,2.18523
1205,11,73,0,2.16183
1206,11,74,0,0.62714
1207,11,75,0,2.31179
1208,11,76,0,1.86013
1209,11,77,0,1.08232
1210,11,78,0,0.44037
1211,11,79,0,0.92088
1212,11,80,0,1.18041
1213,11,81,0,1.89605
1214,11,82,0,0.51949
1215,11,83,0,0.8197
1216,11,84,0,1.69399
1217,11,85,0,1.4423
1218,11,86,0,1.80857
1219,11,87,0,0.99388
1220,11,88,0,1.98471
1221,11,89,0,2.25215
1222,11,90,0,0.30241
1223,11,91,0,0.55189
1224,11,92,0,1.37142
1225,11,93,0,1.27922
1226,11,94,0,1.51252
1227,11,95,0,1.81154
1228,11,96,0,0.96982
1229,11,97,0,0.23678
1230,11,98,0,1.71284
1231,11,99,0,1.75412
1232,11,100,0,0.87786
1233,11,101,0,0.69828
1234,11,102,0,1.65147
1235,11,103,0,2.30658
1236,11,104,0,0.16459
1237,11,105,0,1.92618
1238,11,106,0,1.27424
1239,11,107,0,0.89382
1240,11,108,0,0.39266
1241,11,109,0,1.35644
1242,11,110,0,0.84977
1243,11,111,0,1.67594
1244,11,112,0,1.32738
1245,11,113,0,1.19005
1246,11,114,0,2.32316
1247,11,115,37,0.28652
1248,11,116,23,1.16141
1249,11,117,26,1.53573
1250,11,118,1,1.40423
2549,23,1,411,1.59273
2550,23,2,248,0.50162
2551,23,3,438,1.34637
2552,23,4,262,2.18361
2553,23,5,113,0.60883
2554,23,6,166,0.316
2555,23,7,81,1.48834
2556,23,8,121,0.67656
2557,23,9,149,0.97731
2558,23,10,5,1.4233
2559,23,11,0,1.40089
2560,23,12,0,0.5087
2561,23,13,6,0.8981
2562,23,14,15,1.60411
2563,23,15,2,0.84099
2564,23,16,5,0.14916
2565,23,17,5,0.10252
2566,23,18,8,0.73005
2567,23,19,8,1.25185
2568,23,20,11,1.5304
2569,23,21,0,1.80386
2570,23,22,14,0.54725
2571,23,23,12,0.48501
2572,23,24,0,0.33705
2573,23,25,3,0.2818
2574,23,26,3,0.76859
2575,23,27,0,1.64502
2576,23,28,1,1.29163
2577,23,29,13,1.32671
2578,23,30,0,2.31627
2579,23,31,9,1.41965
2580,23,32,10,0.58905
2581,23,33,0,1.41586
2582,23,34,4,1.71938
2583,23,35,1,0.12995
2584,23,36,3,1.8369
2585,23,37,0,0.13183
2586,23,38,0,2.16655
2587,23,39,17,2.18414
2588,23,40,4,1.22103
2589,23,41,2,1.71575
2590,23,42,12,1.4708
2591,23,43,6,0.14349
2592,23,44,4,2.33992
2593,23,45,0,1.69494
2594,23,46,0,1.62016
2595,23,47,0,1.42563
2596,23,48,0,0.9305
2597,23,49,1,1.96084
2598,23,50,2,0.35791
2599,23,51,8,1.33104
2600,23,52,4,0.4026
2601,23,53,0,1.76419
2602,23,54,5,1.20653
2603,23,55,0,0.6163
2604,23,56,0,2.05509
2605,23,57,21,1.61255
2606,23,58,0,0.13698
2607,23,59,0,2.16743
2608,23,60,0,1.55537
2609,23,61,0,1.24236
2610,23,62,0,0.4281
2611,23,63,0,0.64577
2612,23,64,0,0.44585
2613,23,65,0,1.20418
2614,23,66,0,1.09312
2615,23,67,0,1.67572
2616,23,68,0,1.98714
2617,23,69,0,1.12951
2618,23,70,0,0.48739
2619,23,71,0,0.30276
2620,23,72,0,0.21319
2621,23,73,0,0.68151
2622,23,74,0,0.60929
2623,23,75,0,1.30114
2624,23,76,0,0.67119
2625,23,77,0,2.20486
2626,23,78,0,2.16934
2627,23,79,0,1.21341
2628,23,80,0,0.64978
2629,23,81,0,1.41421
2630,23,82,0,1.27365
2631,23,83,0,1.69192
2632,23,84,0,0.26299
2633,23,85,0,1.15235
2634,23,86,0,1.20257
2635,23,87,0,1.60615
2636,23,88,0,2.05488
2637,23,89,0,0.91998
2638,23,90,0,2.20641
2639,23,91,0,2.14099
2640,23,92,0,2.1517
2641,23,93,0,2.23347
2642,23,94,0,0.46954
2643,23,95,0,1.47669
2644,23,96,0,2.09798
2645,23,97,0,0.46412
2646,23,98,0,1.72536
2647,23,99,0,0.35672
2648,23,100,0,0.1629
2649,23,101,0,1.99331
2650,23,102,0,0.82302
2651,23,103,0,1.96043
2652,23,104,0,1.54649
2653,23,105,0,1.43924
2654,23,106,0,1.2647
2655,23,107,0,2.19285
2656,23,108,0,0.39719
2657,23,109,0,0.2422
2658,23,110,0,1.80471
2659,23,111,0,0.96543
2660,23,112,0,0.31604
2661,23,113,0,0.98565
2662,23,114,0,2.09099
2663,23,115,5,2.17639
2664,23,116,4,0.6501
2665,23,117,3,1.79146
2666,23,118,21,1.49299
3965,35,1,7,2.30448
3966,35,2,14,1.05628
3967,35,3,0,1.96228
3968,35,4,3,2.24632
3969,35,5,5,0.41294
3970,35,6,0,1.17278
3971,35,7,0,2.21846
3972,35,8,0,0.17196
3973,35,9,0,0.60975
3974,35,10,0,1.68268
3975,35,11,0,1.03473
3976,35,12,0,1.15918
3977,35,13,0,1.3009
3978,35,14,0,0.96918
3979,35,15,0,1.95337
3980,35,16,0,0.87019
3981,35,17,2,1.86995
3982,35,18,0,2.20461
3983,35,19,0,0.31714
3984,35,20,0,1.37329
3985,35,21,0,0.29626
3986,35,22,0,0.83648
3987,35,23,0,0.71236
3988,35,24,0,1.9268
3989,35,25,0,2.22572
3990,35,26,0,0.95345
3991,35,27,0,2.1138
3992,35,28,0,2.28022
3993,35,29,0,1.62205
3994,35,30,0,0.44146
3995,35,31,0,1.59423
3996,35,32,0,0.75864
3997,35,33,0,0.82516
3998,35,34,0,1.03676
3999,35,35,0,1.2935
4000,35,36,0,0.31878
4001,35,37,0,1.61228
4002,35,38,0,1.18082
4003,35,39,0,1.57594
4004,35,40,0,0.36907
4005,35,41,0,1.78277
4006,35,42,0,0.95777
4007,35,43,2,1.54382
4008,35,44,0,0.80255
4009,35,45,0,0.37946
4010,35,46,0,0.24393
4011,35,47,0,0.70882
4012,35,48,0,1.16109
4013,35,49,0,0.4111
4014,35,50,0,2.23179
4015,35,51,0,0.60281
4016,35,52,0,1.51008
4017,35,53,0,2.04851
4018,35,54,0,2.26857
4019,35,55,1,0.78152
4020,35,56,5,1.5434
4021,35,57,22,1.21721
4022,35,58,36,0.54235
4023,35,59,26,1.46957
4024,35,60,33,0.79126
4025,35,61,0,1.80573
4026,35,62,18,0.156
4027,35,63,25,0.2102
4028,35,64,8,0.27954
4029,35,65,19,2.29154
4030,35,66,2,0.73288
4031,35,67,0,0.19942
4032,35,68,0,0.62155
4033,35,69,0,1.09646
4034,35,70,0,0.34501
4035,35,71,0,1.55828
4036,35,72,0,0.53424
4037,35,73,0,0.7889
4038,35,74,0,0.37848
4039,35,75,0,2.29855
4040,35,76,3,0.85409
4041,35,77,0,1.77867
4042,35,78,0,1.2768
4043,35,79,0,2.26641
4044,35,80,0,1.56387
4045,35,81,0,0.66894
4046,35,82,0,0.64597
4047,35,83,30,1.08703
4048,35,84,10,0.30632
4049,35,85,0,1.19935
4050,35,86,5,1.20661
4051,35,87,2,1.98059
4052,35,88,0,1.21618
4053,35,89,0,1.44057
4054,35,90,0,1.75228
4055,35,91,0,1.97427
4056,35,92,0,0.37808
4057,35,93,0,1.04173
4058,35,94,0,0.23332
4059,35,95,0,1.03187
4060,35,96,0,2.02978
4061,35,97,0,0.5335
4062,35,98,2,0.5909
4063,35,99,0,0.5749
4064,35,100,0,0.39652
4065,35,101,0,1.65185
4066,35,102,0,1.46056
4067,35,103,0,2.07629
4068,35,104,0,0.77099
4069,35,105,1,1.0942
4070,35,106,0,1.63028
4071,35,107,0,2.32042
4072,35,108,0,2.02645
4073,35,109,0,1.4785
4074,35,110,0,0.99194
4075,35,111,0,0.70677
4076,35,112,0,2.32551
4077,35,113,0,1.95685
4078,35,114,0,0.62974
4079,35,115,6,1.20568
4080,35,116,34,1.75316
4081,35,117,24,2.00579
4082,35,118,7,1.35111
1015,10,1,48,1.85482
1016,10,2,505,1.60906
1017,10,3,423,0.64118
1018,10,4,407,0.19575
1019,10,5,99,0.22652
1020,10,6,200,1.67413
1021,10,7,66,1.41359
1022,10,8,138,0.94489
1023,10,9,101,0.81533
1024,10,10,0,2.16479
1025,10,11,2,1.83678
1026,10,12,11,2.01248
1027,10,13,4,2.238
1028,10,14,0,1.05735
1029,10,15,3,0.92552
1030,10,16,0,1.03775
1031,10,17,27,0.60743
1032,10,18,0,0.87758
1033,10,19,3,1.16151
1034,10,20,0,0.24951
1035,10,21,6,0.98599
1036,10,22,3,2.26861
1037,10,23,0,1.43446
1038,10,24,3,1.99639
1039,10,25,4,1.63545
1040,10,26,1,1.42969
1041,10,27,0,0.68437
1042,10,28,2,0.16202
1043,10,29,19,1.89521
1044,10,30,3,1.05983
1045,10,31,1,1.18944
1046,10,32,1,2.27928
1047,10,33,0,1.82034
1048,10,34,6,2.21644
1049,10,35,6,1.6519
1050,10,36,22,1.85829
1051,10,37,0,1.95364
1052,10,38,8,0.8163
1053,10,39,4,2.0328
1054,10,40,1,1.64461
1055,10,41,6,0.82909
1056,10,42,7,1.70468
1057,10,43,6,1.68012
1058,10,44,12,1.51109
1059,10,45,1,1.53973
1060,10,46,0,1.89022
1061,10,47,1,0.85522
1062,10,48,3,1.12077
1063,10,49,0,0.11816
1064,10,50,9,1.60033
1065,10,51,6,0.97194
1066,10,52,1,1.97493
1067,10,53,0,1.80581
1068,10,54,0,0.21581
1069,10,55,0,1.93061
1070,10,56,1,1.20785
1071,10,57,16,1.67211
1072,10,58,1,0.46963
1073,10,59,0,0.52398
1074,10,60,2,0.36055
1075,10,61,0,2.33069
1076,10,62,0,0.63308
1077,10,63,0,0.15975
1078,10,64,2,0.54729
1079,10,65,0,1.54933
1080,10,66,0,0.92583
1081,10,67,0,1.49889
1082,10,68,0,1.47637
1083,10,69,0,1.85797
1084,10,70,0,2.24731
1085,10,71,0,2.18963
1086,10,72,0,0.2781
1087,10,73,0,1.68346
1088,10,74,0,0.35232
1089,10,75,0,0.80927
1090,10,76,0,2.04327
1091,10,77,0,0.11093
1092,10,78,0,0.13049
1093,10,79,0,1.45246
1094,10,80,0,1.42397
1095,10,81,0,0.96629
1096,10,82,0,1.06336
1097,10,83,0,1.28687
1098,10,84,0,2.21636
1099,10,85,0,0.1167
1100,10,86,0,1.80062
1101,10,87,0,0.62603
1102,10,88,0,1.62846
1103,10,89,0,0.37627
1104,10,90,2,0.56453
1105,10,91,0,1.35609
1106,10,92,0,2.1448
1107,10,93,0,1.89365
1108,10,94,0,0.29696
1109,10,95,0,1.73055
1110,10,96,0,1.1777
1111,10,97,0,1.27765
1112,10,98,0,1.12709
1113,10,99,0,0.58282
1114,10,100,0,1.50658
1115,10,101,0,1.18438
1116,10,102,0,1.16963
1117,10,103,0,0.27492
1118,10,104,0,0.86655
1119,10,105,0,2.11123
1120,10,106,0,2.05066
1121,10,107,0,0.48465
1122,10,108,0,0.19077
1123,10,109,0,0.30024
1124,10,110,0,2.26671
1125,10,111,0,0.91387
1126,10,112,0,1.88588
1127,10,113,0,2.13299
1128,10,114,0,2.34183
1129,10,115,21,1.95482
1130,10,116,34,1.72826
1131,10,117,40,0.76228
1132,10,118,21,2.10639
2431,22,1,12,1.35987
2432,22,2,251,2.07064
2433,22,3,135,0.72199
2434,22,4,148,1.47872
2435,22,5,244,1.28111
2436,22,6,182,0.7767
2437,22,7,112,1.63063
2438,22,8,79,1.60211
2439,22,9,2,1.52597
2440,22,10,6,2.12298
2441,22,11,4,1.79855
2442,22,12,0,2.06531
2443,22,13,15,2.0597
2444,22,14,0,1.91191
2445,22,15,8,1.96486
2446,22,16,13,2.1505
2447,22,17,3,0.34519
2448,22,18,13,2.24997
2449,22,19,0,1.36718
2450,22,20,23,1.89199
2451,22,21,6,1.90006
2452,22,22,3,1.82599
2453,22,23,4,0.49694
2454,22,24,22,0.66696
2455,22,25,1,1.44452
2456,22,26,8,0.57682
2457,22,27,3,0.42747
2458,22,28,0,1.55442
2459,22,29,0,1.3691
2460,22,30,0,0.78388
2461,22,31,3,0.50344
2462,22,32,0,1.49264
2463,22,33,11,1.15687
2464,22,34,12,2.22806
2465,22,35,5,1.01994
2466,22,36,14,0.41333
2467,22,37,30,1.84945
2468,22,38,3,1.56487
2469,22,39,1,1.2534
2470,22,40,5,1.1518
2471,22,41,1,1.35122
2472,22,42,29,0.41441
2473,22,43,6,2.08827
2474,22,44,4,0.17658
2475,22,45,2,1.07873
2476,22,46,0,1.78949
2477,22,47,3,0.91909
2478,22,48,27,2.27945
2479,22,49,2,2.11622
2480,22,50,12,1.29714
2481,22,51,22,1.85838
2482,22,52,8,2.29201
2483,22,53,8,1.68833
2484,22,54,0,0.68761
2485,22,55,0,1.94309
2486,22,56,0,1.82398
2487,22,57,14,1.59182
2488,22,58,0,0.61266
2489,22,59,0,1.07806
2490,22,60,0,0.26391
2491,22,61,0,0.12519
2492,22,62,0,2.0695
2493,22,63,0,0.78675
2494,22,64,0,0.43917
2495,22,65,0,2.20893
2496,22,66,0,0.12491
2497,22,67,0,0.72263
2498,22,68,0,1.21414
2499,22,69,0,1.01918
2500,22,70,0,1.54593
2501,22,71,0,1.89209
2502,22,72,0,1.85127
2503,22,73,0,0.13061
2504,22,74,0,0.66921
2505,22,75,0,1.00932
2506,22,76,0,1.34947
2507,22,77,0,0.52138
2508,22,78,0,0.38283
2509,22,79,0,1.45713
2510,22,80,0,0.88078
2511,22,81,0,0.85455
2512,22,82,0,0.19757
2513,22,83,0,1.06673
2514,22,84,0,2.33604
2515,22,85,0,1.91606
2516,22,86,0,1.95711
2517,22,87,0,1.72173
2518,22,88,0,1.41489
2519,22,89,0,1.21408
2520,22,90,0,0.25341
2521,22,91,0,1.48928
2522,22,92,0,0.95579
2523,22,93,0,1.20151
2524,22,94,0,1.78792
2525,22,95,0,1.35943
2526,22,96,0,0.59089
2527,22,97,0,1.36214
2528,22,98,0,2.16826
2529,22,99,0,2.23669
2530,22,100,0,1.36108
2531,22,101,0,1.17361
2532,22,102,0,0.29201
2533,22,103,0,0.52837
2534,22,104,0,2.04571
2535,22,105,0,0.10417
2536,22,106,0,1.83822
2537,22,107,0,0.51667
2538,22,108,0,0.55299
2539,22,109,0,1.00966
2540,22,110,0,1.0763
2541,22,111,0,1.24433
2542,22,112,0,0.29114
2543,22,113,0,0.16707
2544,22,114,0,0.83797
2545,22,115,36,1.45689
2546,22,116,9,1.50653
2547,22,117,20,1.36029
2548,22,118,18,1.09867
3847,34,1,2,2.28291
3848,34,2,19,2.29996
3849,34,3,8,2.0023
3850,34,4,7,1.31385
3851,34,5,14,1.33668
3852,34,6,0,0.44156
3853,34,7,0,0.40466
3854,34,8,0,2.03988
3855,34,9,0,1.77754
3856,34,10,0,1.05987
3857,34,11,0,0.97586
3858,34,12,0,1.57212
3859,34,13,0,0.36145
3860,34,14,0,1.55363
3861,34,15,0,2.24155
3862,34,16,0,0.14742
3863,34,17,0,1.28418
3864,34,18,0,0.88873
3865,34,19,0,2.17162
3866,34,20,0,2.2386
3867,34,21,0,1.56443
3868,34,22,0,2.11911
3869,34,23,0,2.11361
3870,34,24,0,0.44429
3871,34,25,0,0.2727
3872,34,26,0,0.31513
3873,34,27,0,0.85579
3874,34,28,0,1.68079
3875,34,29,0,0.75891
3876,34,30,0,2.0864
3877,34,31,0,2.21873
3878,34,32,2,2.03709
3879,34,33,0,2.31327
3880,34,34,0,0.82014
3881,34,35,0,0.30068
3882,34,36,0,1.88387
3883,34,37,0,2.14677
3884,34,38,0,2.18555
3885,34,39,0,1.29717
3886,34,40,0,1.03461
3887,34,41,0,1.30144
3888,34,42,0,1.17006
3889,34,43,0,1.88358
3890,34,44,0,0.23134
3891,34,45,0,0.14176
3892,34,46,0,0.19946
3893,34,47,0,1.0851
3894,34,48,0,0.10481
3895,34,49,0,1.51056
3896,34,50,0,0.77133
3897,34,51,0,0.90062
3898,34,52,0,1.48976
3899,34,53,0,1.3402
3900,34,54,0,1.85932
3901,34,55,3,2.28254
3902,34,56,234,0.88759
3903,34,57,33,1.59011
3904,34,58,39,1.99338
3905,34,59,58,2.03661
3906,34,60,41,0.17026
3907,34,61,5,0.67386
3908,34,62,0,1.93933
3909,34,63,0,1.95157
3910,34,64,0,0.28382
3911,34,65,0,1.58566
3912,34,66,0,0.98812
3913,34,67,0,1.73172
3914,34,68,0,0.51203
3915,34,69,0,1.73503
3916,34,70,0,0.34837
3917,34,71,0,1.52002
3918,34,72,0,1.35694
3919,34,73,0,0.14742
3920,34,74,0,1.67831
3921,34,75,0,0.92517
3922,34,76,34,2.22295
3923,34,77,0,1.1344
3924,34,78,0,0.25182
3925,34,79,0,0.57951
3926,34,80,0,0.41727
3927,34,81,0,1.77219
3928,34,82,0,0.60513
3929,34,83,0,1.54556
3930,34,84,27,1.52727
3931,34,85,1,0.74719
3932,34,86,0,1.0719
3933,34,87,0,1.34555
3934,34,88,4,1.83329
3935,34,89,0,2.2351
3936,34,90,1,0.79587
3937,34,91,0,0.70591
3938,34,92,0,0.41059
3939,34,93,0,0.96631
3940,34,94,0,1.47356
3941,34,95,0,2.31264
3942,34,96,2,0.85572
3943,34,97,0,1.0038
3944,34,98,0,0.6631
3945,34,99,0,2.14424
3946,34,100,0,0.95115
3947,34,101,0,0.13712
3948,34,102,0,1.8096
3949,34,103,0,1.52272
3950,34,104,0,1.37731
3951,34,105,0,1.61345
3952,34,106,0,0.84104
3953,34,107,0,0.16798
3954,34,108,0,2.13241
3955,34,109,2,0.53606
3956,34,110,0,2.32454
3957,34,111,1,1.37089
3958,34,112,4,2.15012
3959,34,113,0,1.81528
3960,34,114,0,1.30528
3961,34,115,10,2.07893
3962,34,116,29,1.82287
3963,34,117,7,1.92174
3964,34,118,10,2.32944
897,9,1,550,0.74463
898,9,2,139,0.89827
899,9,3,414,1.38343
900,9,4,28,1.57992
901,9,5,290,0.46082
902,9,6,36,0.45034
903,9,7,130,1.16715
904,9,8,22,1.27204
905,9,9,39,2.08176
906,9,10,17,0.57382
907,9,11,1,0.69158
908,9,12,3,1.26803
909,9,13,0,1.56864
910,9,14,2,0.43799
911,9,15,3,2.07951
912,9,16,1,2.28412
913,9,17,16,0.11884
914,9,18,0,0.16575
915,9,19,0,2.01142
916,9,20,4,1.21625
917,9,21,9,0.81117
918,9,22,10,2.16087
919,9,23,4,0.24411
920,9,24,0,1.70877
921,9,25,5,1.22189
922,9,26,5,0.45997
923,9,27,9,1.6137
924,9,28,0,0.38234
925,9,29,3,1.77073
926,9,30,4,2.32884
927,9,31,10,0.20774
928,9,32,0,2.19216
929,9,33,1,0.25729
930,9,34,11,0.76747
931,9,35,10,2.16311
932,9,36,3,0.92389
933,9,37,0,1.40944
934,9,38,0,2.02865
935,9,39,0,1.01811
936,9,40,2,0.61401
937,9,41,21,0.50391
938,9,42,1,1.08941
939,9,43,0,0.12859
940,9,44,1,1.82757
941,9,45,6,1.25379
942,9,46,0,1.70833
943,9,47,5,1.78917
944,9,48,1,1.33466
945,9,49,13,1.13515
946,9,50,0,1.36188
947,9,51,4,0.43785
948,9,52,0,2.09386
949,9,53,0,1.06013
950,9,54,6,0.87473
951,9,55,0,0.89995
952,9,56,5,1.28401
953,9,57,6,2.23399
954,9,58,0,0.54904
955,9,59,2,1.13312
956,9,60,0,2.23474
957,9,61,0,1.86802
958,9,62,0,0.3502
959,9,63,0,0.23012
960,9,64,0,0.1794
961,9,65,0,1.44546
962,9,66,0,0.35219
963,9,67,0,0.21624
964,9,68,0,1.79323
965,9,69,0,1.8551
966,9,70,0,2.22179
967,9,71,0,0.53561
968,9,72,0,1.75876
969,9,73,0,1.71053
970,9,74,0,1.60439
971,9,75,0,1.61078
972,9,76,8,1.44372
973,9,77,0,0.15832
974,9,78,0,1.08106
975,9,79,0,1.95698
976,9,80,0,1.7858
977,9,81,0,1.0589
978,9,82,0,2.06319
979,9,83,0,0.92385
980,9,84,1,0.28342
981,9,85,0,1.83326
982,9,86,0,1.47773
983,9,87,0,1.56204
984,9,88,0,0.15292
985,9,89,0,0.86482
986,9,90,0,1.74701
987,9,91,0,0.25803
988,9,92,0,2.07611
989,9,93,0,1.91258
990,9,94,0,0.41542
991,9,95,2,1.842
992,9,96,0,1.53757
993,9,97,0,2.32228
994,9,98,0,1.80091
995,9,99,0,0.14709
996,9,100,0,2.30423
997,9,101,0,0.48712
998,9,102,0,1.10195
999,9,103,0,2.05637
1000,9,104,0,0.15064
1001,9,105,0,1.78416
1002,9,106,0,1.6214
1003,9,107,0,1.26058
1004,9,108,0,0.90498
1005,9,109,0,1.42562
1006,9,110,0,0.13422
1007,9,111,0,2.33477
1008,9,112,0,0.65336
1009,9,113,0,0.5305
1010,9,114,0,1.65339
1011,9,115,24,1.87787
1012,9,116,14,1.46737
1013,9,117,15,0.52812
1014,9,118,27,1.53799
2313,21,1,582,1.34924
2314,21,2,137,0.85492
2315,21,3,339,0.54179
2316,21,4,87,0.9128
2317,21,5,108,0.6652
2318,21,6,34,1.88008
2319,21,7,131,1.86185
2320,21,8,155,1.08205
2321,21,9,42,1.18269
2322,21,10,0,0.53017
2323,21,11,18,0.59259
2324,21,12,3,0.2125
2325,21,13,10,1.22362
2326,21,14,1,1.88309
2327,21,15,0,0.9594
2328,21,16,0,0.60755
2329,21,17,1,1.00901
2330,21,18,1,1.83482
2331,21,19,11,1.13471
2332,21,20,0,1.35416
2333,21,21,12,2.30569
2334,21,22,13,0.72474
2335,21,23,4,2.0201
2336,21,24,0,2.01733
2337,21,25,3,1.33012
2338,21,26,0,0.30421
2339,21,27,14,1.07362
2340,21,28,0,1.4325
2341,21,29,0,1.08731
2342,21,30,0,2.27318
2343,21,31,1,1.30738
2344,21,32,16,0.35814
2345,21,33,8,1.74706
2346,21,34,2,2.01991
2347,21,35,5,1.35871
2348,21,36,0,1.5184
2349,21,37,0,0.97695
2350,21,38,7,1.72542
2351,21,39,4,0.63245
2352,21,40,0,2.03054
2353,21,41,0,2.28891
2354,21,42,4,1.95899
2355,21,43,1,1.7243
2356,21,44,0,1.66553
2357,21,45,8,1.8319
2358,21,46,0,0.20703
2359,21,47,2,1.43483
2360,21,48,1,1.99506
2361,21,49,1,0.88201
2362,21,50,4,0.55011
2363,21,51,11,1.8807
2364,21,52,4,1.73148
2365,21,53,0,1.87801
2366,21,54,6,1.10276
2367,21,55,0,0.74158
2368,21,56,0,0.51591
2369,21,57,15,0.32581
2370,21,58,0,0.36377
2371,21,59,0,0.53773
2372,21,60,0,1.75421
2373,21,61,0,0.80842
2374,21,62,0,0.10446
2375,21,63,0,1.07135
2376,21,64,0,0.88065
2377,21,65,0,0.25797
2378,21,66,0,0.81935
2379,21,67,0,2.27366
2380,21,68,0,0.44528
2381,21,69,0,0.53275
2382,21,70,0,1.84986
2383,21,71,0,1.09866
2384,21,72,0,0.1666
2385,21,73,0,0.722
2386,21,74,0,1.80408
2387,21,75,0,0.57522
2388,21,76,0,1.33787
2389,21,77,0,1.89749
2390,21,78,0,0.73218
2391,21,79,0,1.39983
2392,21,80,0,2.3263
2393,21,81,0,1.2301
2394,21,82,0,0.95045
2395,21,83,0,1.21776
2396,21,84,0,1.99531
2397,21,85,0,0.93782
2398,21,86,0,2.02007
2399,21,87,0,0.64582
2400,21,88,0,1.95337
2401,21,89,0,1.2158
2402,21,90,0,1.14873
2403,21,91,0,1.90114
2404,21,92,0,1.3448
2405,21,93,0,0.40207
2406,21,94,0,1.95283
2407,21,95,0,1.99722
2408,21,96,0,0.61866
2409,21,97,0,0.46655
2410,21,98,0,0.69499
2411,21,99,0,0.38264
2412,21,100,0,1.41562
2413,21,101,0,2.27968
2414,21,102,0,1.17887
2415,21,103,0,1.29788
2416,21,104,0,0.64653
2417,21,105,0,1.75395
2418,21,106,0,1.98908
2419,21,107,0,0.98753
2420,21,108,0,1.26647
2421,21,109,0,1.4697
2422,21,110,0,0.76058
2423,21,111,0,1.38705
2424,21,112,0,2.04616
2425,21,113,0,1.67646
2426,21,114,0,1.13387
2427,21,115,26,2.17111
2428,21,116,27,0.80108
2429,21,117,38,2.11539
2430,21,118,26,1.78215
3729,33,1,536,1.65666
3730,33,2,531,0.92767
3731,33,3,150,0.91578
3732,33,4,105,0.35137
3733,33,5,165,1.42805
3734,33,6,106,1.02406
3735,33,7,8,1.49661
3736,33,8,29,1.60905
3737,33,9,34,0.76535
3738,33,10,0,1.35184
3739,33,11,0,1.71565
3740,33,12,0,0.60725
3741,33,13,0,2.2529
3742,33,14,0,1.38791
3743,33,15,0,0.79231
3744,33,16,0,1.71396
3745,33,17,0,0.92872
3746,33,18,0,0.45655
3747,33,19,0,1.39589
3748,33,20,0,2.04095
3749,33,21,0,1.22315
3750,33,22,0,0.49377
3751,33,23,0,1.42176
3752,33,24,5,1.14285
3753,33,25,0,1.66305
3754,33,26,0,1.92086
3755,33,27,0,1.0289
3756,33,28,0,2.13977
3757,33,29,0,1.71882
3758,33,30,0,0.18068
3759,33,31,0,1.37973
3760,33,32,4,0.76409
3761,33,33,0,1.7704
3762,33,34,0,1.30814
3763,33,35,0,0.71103
3764,33,36,0,1.72032
3765,33,37,0,2.18041
3766,33,38,0,0.65849
3767,33,39,0,1.4836
3768,33,40,0,2.10537
3769,33,41,0,2.16276
3770,33,42,0,0.19311
3771,33,43,0,1.74441
3772,33,44,0,2.00793
3773,33,45,1,0.60164
3774,33,46,0,0.41537
3775,33,47,0,1.31945
3776,33,48,0,0.36877
3777,33,49,0,1.19864
3778,33,50,0,0.34217
3779,33,51,0,0.94261
3780,33,52,0,1.17867
3781,33,53,0,0.91376
3782,33,54,0,1.70442
3783,33,55,2,2.17739
3784,33,56,15,1.88508
3785,33,57,2,0.92704
3786,33,58,0,0.4288
3787,33,59,0,0.99432
3788,33,60,2,2.22212
3789,33,61,0,1.17657
3790,33,62,0,0.63984
3791,33,63,0,0.72677
3792,33,64,0,0.47674
3793,33,65,0,0.67386
3794,33,66,0,2.17014
3795,33,67,3,1.28252
3796,33,68,3,0.82689
3797,33,69,0,1.86337
3798,33,70,8,0.37901
3799,33,71,4,1.39513
3800,33,72,10,0.31175
3801,33,73,3,2.07699
3802,33,74,8,1.65839
3803,33,75,0,2.18083
3804,33,76,1,0.87013
3805,33,77,8,1.12102
3806,33,78,4,1.50784
3807,33,79,0,1.33605
3808,33,80,1,2.04271
3809,33,81,14,0.47433
3810,33,82,1,0.95934
3811,33,83,0,1.26862
3812,33,84,1,1.29588
3813,33,85,0,2.09891
3814,33,86,0,1.73888
3815,33,87,3,2.23425
3816,33,88,2,0.78309
3817,33,89,0,0.29808
3818,33,90,0,1.89474
3819,33,91,2,0.1242
3820,33,92,4,1.1345
3821,33,93,3,0.60951
3822,33,94,0,0.12471
3823,33,95,0,1.19893
3824,33,96,0,2.07119
3825,33,97,2,2.23725
3826,33,98,4,2.20668
3827,33,99,0,2.1592
3828,33,100,0,0.32396
3829,33,101,0,1.86747
3830,33,102,3,0.94895
3831,33,103,0,2.12731
3832,33,104,0,2.07193
3833,33,105,3,1.21829
3834,33,106,3,1.41186
3835,33,107,2,0.17691
3836,33,108,1,0.19243
3837,33,109,2,0.78205
3838,33,110,3,0.98067
3839,33,111,0,0.58346
3840,33,112,0,1.93983
3841,33,113,2,1.1197
3842,33,114,4,2.13431
3843,33,115,10,0.35477
3844,33,116,27,1.20039
3845,33,117,7,1.42652
3846,33,118,39,1.81722
779,8,1,508,1.13131
780,8,2,111,0.65586
781,8,3,58,1.14754
782,8,4,363,2.24611
783,8,5,289,0.29254
784,8,6,170,0.68106
785,8,7,146,2.29671
786,8,8,105,1.92446
787,8,9,132,0.55328
788,8,10,20,1.31973
789,8,11,10,1.70332
790,8,12,15,1.9896
791,8,13,0,0.97317
792,8,14,0,1.88904
793,8,15,13,1.61695
794,8,16,2,0.44798
795,8,17,0,0.10236
796,8,18,0,0.5453
797,8,19,2,0.13464
798,8,20,2,0.35627
799,8,21,10,0.79132
800,8,22,0,0.90145
801,8,23,4,1.09652
802,8,24,4,0.41226
803,8,25,0,1.92218
804,8,26,2,2.28426
805,8,27,4,1.35769
806,8,28,0,2.30301
807,8,29,5,0.39383
808,8,30,31,0.93931
809,8,31,13,0.88744
810,8,32,22,0.18474
811,8,33,2,0.81487
812,8,34,4,2.10978
813,8,35,5,1.88657
814,8,36,9,2.11637
815,8,37,7,1.85596
816,8,38,0,1.74682
817,8,39,4,1.74702
818,8,40,0,1.06493
819,8,41,8,2.2531
820,8,42,6,1.41537
821,8,43,0,1.18525
822,8,44,0,1.06608
823,8,45,2,1.20987
824,8,46,1,0.14097
825,8,47,0,0.73284
826,8,48,13,0.19515
827,8,49,5,0.99447
828,8,50,6,2.07204
829,8,51,0,0.89764
830,8,52,0,0.2329
831,8,53,8,0.24805
832,8,54,0,1.0425
833,8,55,0,2.31398
834,8,56,6,0.27103
835,8,57,16,2.11437
836,8,58,1,1.64915
837,8,59,0,1.99719
838,8,60,0,1.34317
839,8,61,0,0.24921
840,8,62,0,1.69252
841,8,63,0,1.69081
842,8,64,0,1.70951
843,8,65,0,1.08067
844,8,66,0,1.92975
845,8,67,0,1.98746
846,8,68,0,2.19445
847,8,69,0,1.85022
848,8,70,0,1.99562
849,8,71,0,1.897
850,8,72,0,0.41119
851,8,73,0,0.25624
852,8,74,0,1.12384
853,8,75,0,0.20343
854,8,76,2,1.32179
855,8,77,0,0.24656
856,8,78,2,1.00387
857,8,79,0,1.02048
858,8,80,0,0.69959
859,8,81,0,0.53751
860,8,82,0,0.64986
861,8,83,0,0.1184
862,8,84,4,1.27268
863,8,85,0,1.17774
864,8,86,0,0.12958
865,8,87,0,0.27045
866,8,88,0,0.3214
867,8,89,0,1.39116
868,8,90,0,2.29413
869,8,91,0,2.19343
870,8,92,0,1.59338
871,8,93,2,1.38296
872,8,94,0,1.44344
873,8,95,4,1.48925
874,8,96,0,1.53183
875,8,97,0,0.21387
876,8,98,0,2.19075
877,8,99,0,0.86438
878,8,100,0,2.2791
879,8,101,0,0.72431
880,8,102,0,2.25045
881,8,103,0,1.89226
882,8,104,0,0.18191
883,8,105,0,1.93732
884,8,106,0,1.80049
885,8,107,0,0.17395
886,8,108,0,1.19533
887,8,109,0,0.42839
888,8,110,0,0.71883
889,8,111,0,1.79288
890,8,112,0,1.38319
891,8,113,0,1.50852
892,8,114,0,1.03259
893,8,115,6,1.18099
894,8,116,30,1.28514
895,8,117,2,0.71268
896,8,118,7,1.54634
2195,20,1,931,1.86713
2196,20,2,103,0.5196
2197,20,3,528,0.36478
2198,20,4,3,0.34644
2199,20,5,139,1.37349
2200,20,6,261,0.77917
2201,20,7,120,1.3658
2202,20,8,78,2.25655
2203,20,9,56,0.23959
2204,20,10,1,2.30337
2205,20,11,0,1.65535
2206,20,12,6,1.76817
2207,20,13,5,0.44314
2208,20,14,2,1.40414
2209,20,15,4,0.22647
2210,20,16,0,0.4661
2211,20,17,20,1.93681
2212,20,18,1,0.22166
2213,20,19,0,0.96086
2214,20,20,8,1.05484
2215,20,21,17,1.17233
2216,20,22,3,1.34648
2217,20,23,0,1.36497
2218,20,24,25,1.12425
2219,20,25,5,1.5042
2220,20,26,1,0.91353
2221,20,27,0,1.6808
2222,20,28,8,1.81488
2223,20,29,20,1.24249
2224,20,30,2,2.26572
2225,20,31,6,1.39503
2226,20,32,4,1.77945
2227,20,33,12,0.26202
2228,20,34,19,0.18753
2229,20,35,5,0.34744
2230,20,36,7,0.96842
2231,20,37,0,1.41176
2232,20,38,0,1.11666
2233,20,39,10,0.87467
2234,20,40,2,1.52452
2235,20,41,2,1.33851
2236,20,42,11,0.65957
2237,20,43,20,0.46486
2238,20,44,16,1.78329
2239,20,45,0,1.69271
2240,20,46,0,0.72321
2241,20,47,2,0.94858
2242,20,48,0,1.63948
2243,20,49,0,0.17273
2244,20,50,5,2.18519
2245,20,51,0,1.11529
2246,20,52,3,0.98294
2247,20,53,7,0.58907
2248,20,54,0,0.34567
2249,20,55,0,0.92669
2250,20,56,0,1.15663
2251,20,57,24,2.30937
2252,20,58,0,0.38203
2253,20,59,0,1.14377
2254,20,60,0,0.98793
2255,20,61,0,2.27642
2256,20,62,0,1.11277
2257,20,63,0,1.69644
2258,20,64,0,1.69277
2259,20,65,0,0.14419
2260,20,66,0,0.50828
2261,20,67,6,2.24138
2262,20,68,0,1.25293
2263,20,69,0,1.47227
2264,20,70,6,0.87811
2265,20,71,0,0.44664
2266,20,72,0,0.48861
2267,20,73,0,0.22498
2268,20,74,1,1.45375
2269,20,75,0,1.0645
2270,20,76,0,1.90332
2271,20,77,0,0.73569
2272,20,78,0,1.53947
2273,20,79,0,0.79337
2274,20,80,0,1.72743
2275,20,81,0,0.25289
2276,20,82,0,2.18069
2277,20,83,0,0.2515
2278,20,84,0,1.06533
2279,20,85,0,1.61016
2280,20,86,0,1.88725
2281,20,87,0,0.56163
2282,20,88,0,0.57031
2283,20,89,0,0.39599
2284,20,90,0,0.54186
2285,20,91,0,0.23123
2286,20,92,0,2.25568
2287,20,93,0,1.28221
2288,20,94,0,1.05997
2289,20,95,0,1.31667
2290,20,96,0,2.14105
2291,20,97,0,1.72072
2292,20,98,0,0.69542
2293,20,99,0,1.32861
2294,20,100,0,0.73886
2295,20,101,0,1.18488
2296,20,102,0,2.16802
2297,20,103,0,1.60162
2298,20,104,0,1.51023
2299,20,105,0,0.30709
2300,20,106,0,1.85834
2301,20,107,0,1.89949
2302,20,108,0,1.6136
2303,20,109,0,1.1891
2304,20,110,0,0.34717
2305,20,111,0,1.882
2306,20,112,0,0.2877
2307,20,113,0,1.20622
2308,20,114,0,1.08179
2309,20,115,40,0.42294
2310,20,116,24,0.63226
2311,20,117,7,1.76214
2312,20,118,33,0.39119
3611,32,1,158,0.56871
3612,32,2,154,1.15865
3613,32,3,436,1.93181
3614,32,4,234,2.17224
3615,32,5,329,0.91808
3616,32,6,52,1.18195
3617,32,7,167,1.9601
3618,32,8,129,2.04143
3619,32,9,6,1.25768
3620,32,10,0,0.89496
3621,32,11,0,1.11522
3622,32,12,3,2.19082
3623,32,13,0,0.8672
3624,32,14,0,2.15979
3625,32,15,0,0.68625
3626,32,16,0,0.96125
3627,32,17,0,2.0322
3628,32,18,0,1.21803
3629,32,19,0,2.16324
3630,32,20,2,0.90595
3631,32,21,1,2.2671
3632,32,22,0,0.86061
3633,32,23,0,2.31444
3634,32,24,0,1.57126
3635,32,25,0,0.60443
3636,32,26,0,1.09101
3637,32,27,0,0.23231
3638,32,28,0,1.87235
3639,32,29,4,0.99774
3640,32,30,0,2.14135
3641,32,31,0,0.98665
3642,32,32,0,0.86753
3643,32,33,12,1.09139
3644,32,34,0,0.36122
3645,32,35,0,0.56969
3646,32,36,0,1.01393
3647,32,37,0,2.16373
3648,32,38,0,2.01868
3649,32,39,0,1.00955
3650,32,40,0,0.46299
3651,32,41,0,1.97881
3652,32,42,8,1.91138
3653,32,43,0,1.44777
3654,32,44,0,1.66854
3655,32,45,0,1.75778
3656,32,46,0,1.19344
3657,32,47,0,0.42616
3658,32,48,0,0.2529
3659,32,49,0,1.84156
3660,32,50,0,1.13073
3661,32,51,0,1.04799
3662,32,52,0,2.18049
3663,32,53,0,2.11741
3664,32,54,0,0.3785
3665,32,55,0,1.37983
3666,32,56,3,1.8621
3667,32,57,38,1.42505
3668,32,58,6,1.77113
3669,32,59,0,0.44191
3670,32,60,0,1.29943
3671,32,61,2,1.87279
3672,32,62,0,1.7104
3673,32,63,0,0.14235
3674,32,64,0,1.62139
3675,32,65,0,1.99222
3676,32,66,0,1.4155
3677,32,67,2,1.65973
3678,32,68,9,0.18759
3679,32,69,0,0.53148
3680,32,70,14,2.16146
3681,32,71,2,1.05887
3682,32,72,0,2.05799
3683,32,73,0,1.97209
3684,32,74,0,0.31168
3685,32,75,0,0.10296
3686,32,76,1,1.42987
3687,32,77,4,0.60882
3688,32,78,4,1.5097
3689,32,79,16,1.93738
3690,32,80,5,1.6174
3691,32,81,12,1.30208
3692,32,82,7,1.33995
3693,32,83,0,0.91984
3694,32,84,0,0.27734
3695,32,85,1,2.14569
3696,32,86,0,1.92141
3697,32,87,0,2.08529
3698,32,88,3,2.14781
3699,32,89,0,0.57522
3700,32,90,1,0.28546
3701,32,91,4,1.80366
3702,32,92,2,1.10552
3703,32,93,0,0.41841
3704,32,94,0,1.68243
3705,32,95,0,0.88534
3706,32,96,1,0.68332
3707,32,97,4,1.01945
3708,32,98,2,0.29216
3709,32,99,3,1.25083
3710,32,100,1,0.55284
3711,32,101,10,0.12973
3712,32,102,1,2.27242
3713,32,103,4,1.71092
3714,32,104,1,1.05238
3715,32,105,5,0.52208
3716,32,106,0,1.6016
3717,32,107,0,1.73782
3718,32,108,0,2.00554
3719,32,109,0,0.75699
3720,32,110,0,0.89685
3721,32,111,0,0.50678
3722,32,112,0,0.26788
3723,32,113,0,1.29213
3724,32,114,0,2.29053
3725,32,115,9,2.18953
3726,32,116,11,1.26353
3727,32,117,33,2.32251
3728,32,118,37,1.35716
661,7,1,1,1.18831
662,7,2,656,0.25506
663,7,3,22,1.99292
664,7,4,161,1.89773
665,7,5,171,0.29902
666,7,6,216,0.85246
667,7,7,46,1.71429
668,7,8,26,2.0822
669,7,9,125,0.48289
670,7,10,5,1.87883
671,7,11,12,1.05194
672,7,12,1,2.09009
673,7,13,10,0.8108
674,7,14,12,2.31695
675,7,15,11,1.33446
676,7,16,0,1.56156
677,7,17,3,0.35994
678,7,18,20,0.44583
679,7,19,8,2.08432
680,7,20,0,0.66958
681,7,21,0,0.35287
682,7,22,13,1.95472
683,7,23,0,0.23505
684,7,24,6,1.82588
685,7,25,2,1.65295
686,7,26,0,2.23726
687,7,27,3,0.66657
688,7,28,2,0.87152
689,7,29,2,1.61125
690,7,30,10,0.78481
691,7,31,3,2.15294
692,7,32,0,1.39516
693,7,33,8,2.10974
694,7,34,11,0.29115
695,7,35,0,1.93085
696,7,36,2,1.56873
697,7,37,11,1.14233
698,7,38,17,2.32116
699,7,39,1,0.74991
700,7,40,9,1.37589
701,7,41,17,2.24634
702,7,42,0,1.05994
703,7,43,8,1.72077
704,7,44,8,1.68523
705,7,45,0,2.30501
706,7,46,9,2.16
707,7,47,0,1.09872
708,7,48,0,1.06036
709,7,49,0,1.92765
710,7,50,0,1.91405
711,7,51,6,1.7026
712,7,52,4,0.385
713,7,53,5,1.43535
714,7,54,2,1.25561
715,7,55,0,1.00238
716,7,56,0,2.16093
717,7,57,25,1.49893
718,7,58,0,1.61761
719,7,59,0,1.70681
720,7,60,0,1.90579
721,7,61,1,1.65142
722,7,62,0,1.56919
723,7,63,0,0.17305
724,7,64,0,2.01428
725,7,65,0,1.37144
726,7,66,0,2.34219
727,7,67,0,2.19477
728,7,68,0,1.60383
729,7,69,0,1.13041
730,7,70,0,1.56853
731,7,71,0,1.74551
732,7,72,0,0.56561
733,7,73,0,1.91446
734,7,74,0,0.65766
735,7,75,0,0.12227
736,7,76,0,1.072
737,7,77,0,1.38198
738,7,78,0,1.81578
739,7,79,0,0.94301
740,7,80,0,0.23288
741,7,81,0,2.03625
742,7,82,0,1.92201
743,7,83,0,2.19165
744,7,84,0,1.2759
745,7,85,0,1.20268
746,7,86,0,1.80502
747,7,87,0,0.68692
748,7,88,0,2.30112
749,7,89,1,0.93472
750,7,90,0,0.31162
751,7,91,0,1.24292
752,7,92,0,1.75271
753,7,93,0,0.72136
754,7,94,0,0.27289
755,7,95,0,1.67794
756,7,96,0,0.46732
757,7,97,0,1.85764
758,7,98,0,1.12145
759,7,99,0,0.23894
760,7,100,0,1.23176
761,7,101,0,1.78387
762,7,102,0,0.93084
763,7,103,0,1.80586
764,7,104,0,0.4228
765,7,105,0,1.37405
766,7,106,0,1.62222
767,7,107,0,2.04534
768,7,108,0,1.15943
769,7,109,0,0.16571
770,7,110,0,2.23045
771,7,111,0,0.97163
772,7,112,0,2.0576
773,7,113,0,0.50558
774,7,114,0,0.93446
775,7,115,10,1.29567
776,7,116,18,1.85214
777,7,117,3,0.66997
778,7,118,11,1.96702
2077,19,1,51,2.18387
2078,19,2,561,2.22411
2079,19,3,24,0.46066
2080,19,4,111,1.38024
2081,19,5,280,1.16506
2082,19,6,206,1.07726
2083,19,7,16,1.89547
2084,19,8,74,2.28418
2085,19,9,123,1.81245
2086,19,10,1,2.08616
2087,19,11,0,1.55024
2088,19,12,5,0.45992
2089,19,13,10,1.92282
2090,19,14,0,1.20062
2091,19,15,4,0.64144
2092,19,16,0,1.79578
2093,19,17,3,1.90798
2094,19,18,4,0.49346
2095,19,19,29,1.01368
2096,19,20,2,0.24174
2097,19,21,15,0.47385
2098,19,22,15,0.45596
2099,19,23,0,2.2271
2100,19,24,0,1.58285
2101,19,25,1,1.88289
2102,19,26,2,0.28389
2103,19,27,5,0.20887
2104,19,28,6,0.92847
2105,19,29,10,1.2709
2106,19,30,5,0.74919
2107,19,31,7,2.10082
2108,19,32,9,0.84023
2109,19,33,3,0.46471
2110,19,34,1,0.55459
2111,19,35,5,1.52628
2112,19,36,3,1.31888
2113,19,37,4,1.18032
2114,19,38,0,2.30737
2115,19,39,19,1.67535
2116,19,40,0,0.22251
2117,19,41,0,1.96223
2118,19,42,13,1.52432
2119,19,43,21,0.17059
2120,19,44,5,0.4386
2121,19,45,12,2.3322
2122,19,46,15,0.70155
2123,19,47,5,2.15752
2124,19,48,0,1.44516
2125,19,49,1,1.85292
2126,19,50,8,1.22058
2127,19,51,7,1.74116
2128,19,52,2,1.40885
2129,19,53,2,0.42497
2130,19,54,7,2.01015
2131,19,55,0,0.12796
2132,19,56,0,1.54905
2133,19,57,33,1.81725
2134,19,58,0,1.26192
2135,19,59,0,0.36764
2136,19,60,0,1.97297
2137,19,61,0,1.80506
2138,19,62,0,1.18653
2139,19,63,0,0.78809
2140,19,64,0,1.35729
2141,19,65,0,1.10872
2142,19,66,0,1.46292
2143,19,67,0,1.45005
2144,19,68,0,2.28503
2145,19,69,0,1.43895
2146,19,70,0,1.58155
2147,19,71,0,1.53167
2148,19,72,0,0.45293
2149,19,73,0,1.17323
2150,19,74,0,2.14383
2151,19,75,0,0.25266
2152,19,76,0,1.41031
2153,19,77,0,1.12508
2154,19,78,0,0.77672
2155,19,79,0,0.1466
2156,19,80,0,0.95751
2157,19,81,0,2.06563
2158,19,82,0,0.28989
2159,19,83,0,1.82275
2160,19,84,0,0.69322
2161,19,85,0,1.64797
2162,19,86,0,2.03987
2163,19,87,0,1.19925
2164,19,88,0,2.11107
2165,19,89,0,0.90848
2166,19,90,0,1.08936
2167,19,91,0,1.49663
2168,19,92,0,1.29645
2169,19,93,0,0.78413
2170,19,94,0,2.23763
2171,19,95,0,0.21037
2172,19,96,0,0.8923
2173,19,97,0,2.14722
2174,19,98,0,2.16744
2175,19,99,0,1.36899
2176,19,100,0,1.23919
2177,19,101,0,0.92006
2178,19,102,0,1.14973
2179,19,103,0,0.86778
2180,19,104,0,1.14023
2181,19,105,0,1.14226
2182,19,106,0,0.4098
2183,19,107,0,0.97797
2184,19,108,0,0.14036
2185,19,109,0,1.46434
2186,19,110,0,2.0312
2187,19,111,0,0.75042
2188,19,112,0,1.0299
2189,19,113,0,0.95999
2190,19,114,0,1.93642
2191,19,115,19,1.35133
2192,19,116,10,0.71248
2193,19,117,30,1.08246
2194,19,118,18,0.13271
3493,31,1,37,2.05885
3494,31,2,619,2.24667
3495,31,3,91,1.14654
3496,31,4,329,0.2943
3497,31,5,353,0.8271
3498,31,6,194,1.32662
3499,31,7,35,1.76017
3500,31,8,22,0.66168
3501,31,9,90,0.32416
3502,31,10,0,1.15521
3503,31,11,2,0.85838
3504,31,12,0,2.06286
3505,31,13,0,1.20583
3506,31,14,8,0.333
3507,31,15,0,0.91713
3508,31,16,0,0.43424
3509,31,17,0,0.32267
3510,31,18,0,1.08005
3511,31,19,4,2.20021
3512,31,20,0,0.94429
3513,31,21,0,1.82665
3514,31,22,0,1.28822
3515,31,23,0,0.5462
3516,31,24,0,0.65972
3517,31,25,0,0.45077
3518,31,26,2,0.21754
3519,31,27,0,2.00123
3520,31,28,0,1.30468
3521,31,29,0,1.41717
3522,31,30,0,1.14552
3523,31,31,0,1.41238
3524,31,32,0,1.05377
3525,31,33,0,1.63813
3526,31,34,0,2.05987
3527,31,35,0,0.23133
3528,31,36,0,0.91894
3529,31,37,0,1.33737
3530,31,38,0,1.88593
3531,31,39,0,0.42413
3532,31,40,5,2.24969
3533,31,41,0,0.23694
3534,31,42,0,2.29366
3535,31,43,0,1.31653
3536,31,44,0,1.52808
3537,31,45,0,1.77729
3538,31,46,0,2.26332
3539,31,47,0,0.24606
3540,31,48,0,1.24288
3541,31,49,0,2.24631
3542,31,50,0,0.10349
3543,31,51,0,1.03752
3544,31,52,0,0.71504
3545,31,53,0,2.06473
3546,31,54,0,0.68443
3547,31,55,0,0.46565
3548,31,56,7,1.21731
3549,31,57,32,1.52892
3550,31,58,0,1.12792
3551,31,59,0,0.77783
3552,31,60,0,0.11396
3553,31,61,1,1.71336
3554,31,62,0,1.59213
3555,31,63,0,0.88829
3556,31,64,0,2.04382
3557,31,65,0,0.33628
3558,31,66,0,2.096
3559,31,67,0,1.94823
3560,31,68,1,0.71398
3561,31,69,0,1.69229
3562,31,70,3,2.26513
3563,31,71,0,1.47983
3564,31,72,15,0.7057
3565,31,73,9,0.13025
3566,31,74,7,1.46946
3567,31,75,0,0.48736
3568,31,76,0,2.05705
3569,31,77,4,0.39955
3570,31,78,20,0.17208
3571,31,79,2,1.78545
3572,31,80,7,0.49182
3573,31,81,0,1.78886
3574,31,82,0,0.4666
3575,31,83,0,0.63826
3576,31,84,0,0.61959
3577,31,85,0,0.3938
3578,31,86,0,0.14645
3579,31,87,1,1.48159
3580,31,88,1,2.32025
3581,31,89,3,0.28096
3582,31,90,0,1.55096
3583,31,91,0,2.34048
3584,31,92,0,1.84907
3585,31,93,0,0.12367
3586,31,94,1,2.14891
3587,31,95,2,1.06494
3588,31,96,2,0.92503
3589,31,97,2,0.40868
3590,31,98,3,1.53219
3591,31,99,2,1.86232
3592,31,100,4,0.62541
3593,31,101,0,1.1032
3594,31,102,2,1.20501
3595,31,103,3,0.4503
3596,31,104,0,2.00221
3597,31,105,2,2.33555
3598,31,106,0,1.07198
3599,31,107,0,1.06817
3600,31,108,0,1.97172
3601,31,109,0,1.0542
3602,31,110,0,1.77712
3603,31,111,0,0.6414
3604,31,112,0,1.70369
3605,31,113,0,0.36212
3606,31,114,0,2.31733
3607,31,115,34,1.63055
3608,31,116,32,1.60283
3609,31,117,9,0.9439
3610,31,118,28,2.25081
543,6,1,462,2.30411
544,6,2,520,1.79808
545,6,3,430,0.73998
546,6,4,29,2.18684
547,6,5,66,2.29001
548,6,6,74,2.007
549,6,7,76,1.65816
550,6,8,12,1.42169
551,6,9,103,1.80827
552,6,10,2,1.3917
553,6,11,0,2.03747
554,6,12,16,1.23078
555,6,13,4,0.20541
556,6,14,3,0.60128
557,6,15,6,2.07873
558,6,16,0,1.19553
559,6,17,0,1.77667
560,6,18,0,2.02634
561,6,19,10,0.34719
562,6,20,0,2.31488
563,6,21,5,0.59246
564,6,22,7,1.20702
565,6,23,7,0.54727
566,6,24,7,1.45826
567,6,25,6,0.23132
568,6,26,9,1.29246
569,6,27,2,0.43713
570,6,28,1,1.432
571,6,29,4,1.61477
572,6,30,5,1.67034
573,6,31,3,1.34031
574,6,32,0,1.28013
575,6,33,6,0.80192
576,6,34,0,0.15544
577,6,35,11,2.07521
578,6,36,0,2.33376
579,6,37,5,1.33787
580,6,38,0,0.93434
581,6,39,19,0.81057
582,6,40,0,1.26405
583,6,41,2,2.08434
584,6,42,6,1.15611
585,6,43,0,2.26101
586,6,44,1,0.58377
587,6,45,1,1.30239
588,6,46,9,0.20763
589,6,47,18,0.66235
590,6,48,1,1.43715
591,6,49,0,1.18946
592,6,50,3,1.64556
593,6,51,12,0.36612
594,6,52,0,0.77567
595,6,53,4,1.84397
596,6,54,0,2.3151
597,6,55,0,1.37715
598,6,56,0,2.0301
599,6,57,37,1.50434
600,6,58,0,1.24933
601,6,59,0,1.37772
602,6,60,0,1.56419
603,6,61,0,0.55197
604,6,62,0,0.72249
605,6,63,0,0.38498
606,6,64,0,0.5582
607,6,65,0,1.98571
608,6,66,0,2.07079
609,6,67,0,0.75292
610,6,68,0,0.97813
611,6,69,0,2.12297
612,6,70,0,2.02052
613,6,71,0,1.37769
614,6,72,0,1.85766
615,6,73,0,0.82725
616,6,74,1,1.82456
617,6,75,0,1.83587
618,6,76,0,0.74522
619,6,77,0,1.6249
620,6,78,0,1.50842
621,6,79,0,0.52105
622,6,80,0,2.17907
623,6,81,0,1.26875
624,6,82,8,2.0923
625,6,83,0,2.13103
626,6,84,0,0.98439
627,6,85,0,1.35769
628,6,86,0,1.9604
629,6,87,0,1.23247
630,6,88,0,0.48185
631,6,89,0,0.78391
632,6,90,0,1.78926
633,6,91,0,0.30128
634,6,92,0,2.17739
635,6,93,0,2.1669
636,6,94,0,0.72184
637,6,95,0,0.12871
638,6,96,0,1.64156
639,6,97,0,1.61854
640,6,98,0,1.7089
641,6,99,0,1.92307
642,6,100,0,1.91507
643,6,101,0,1.14975
644,6,102,0,2.31784
645,6,103,0,0.90133
646,6,104,0,1.84444
647,6,105,0,0.87722
648,6,106,0,0.52648
649,6,107,0,1.66793
650,6,108,0,1.22175
651,6,109,0,1.42422
652,6,110,0,2.23751
653,6,111,0,0.12421
654,6,112,0,2.12512
655,6,113,0,0.71837
656,6,114,0,1.76629
657,6,115,31,0.5014
658,6,116,16,1.20606
659,6,117,34,0.31736
660,6,118,26,0.18512
1959,18,1,211,1.18549
1960,18,2,417,0.82901
1961,18,3,190,0.40214
1962,18,4,307,0.89084
1963,18,5,81,0.78677
1964,18,6,82,2.00835
1965,18,7,131,1.99896
1966,18,8,55,2.26268
1967,18,9,109,0.87985
1968,18,10,13,1.43359
1969,18,11,1,2.06565
1970,18,12,5,1.71709
1971,18,13,1,1.87768
1972,18,14,1,1.61481
1973,18,15,28,0.80823
1974,18,16,4,0.36177
1975,18,17,9,2.11287
1976,18,18,22,1.09614
1977,18,19,4,2.00742
1978,18,20,2,1.02685
1979,18,21,1,2.18586
1980,18,22,1,1.77674
1981,18,23,0,1.07446
1982,18,24,2,1.15332
1983,18,25,0,2.28164
1984,18,26,1,1.57255
1985,18,27,2,0.5364
1986,18,28,9,1.05888
1987,18,29,6,0.71068
1988,18,30,13,0.20821
1989,18,31,5,0.60011
1990,18,32,0,1.35883
1991,18,33,2,1.19464
1992,18,34,0,1.91108
1993,18,35,9,1.35515
1994,18,36,6,1.46688
1995,18,37,13,1.46389
1996,18,38,5,0.15263
1997,18,39,1,2.252
1998,18,40,13,0.4189
1999,18,41,2,1.1438
2000,18,42,2,2.22047
2001,18,43,0,0.53475
2002,18,44,1,0.30086
2003,18,45,6,1.12419
2004,18,46,1,2.29671
2005,18,47,9,0.2204
2006,18,48,0,0.1395
2007,18,49,10,0.81946
2008,18,50,0,0.90173
2009,18,51,9,1.55865
2010,18,52,1,1.37856
2011,18,53,1,0.32009
2012,18,54,9,2.034
2013,18,55,0,0.83727
2014,18,56,0,2.11793
2015,18,57,33,0.63669
2016,18,58,0,0.48313
2017,18,59,0,1.29887
2018,18,60,0,1.13783
2019,18,61,0,0.48768
2020,18,62,0,1.68304
2021,18,63,0,0.75499
2022,18,64,0,0.11182
2023,18,65,0,0.63686
2024,18,66,0,1.68552
2025,18,67,0,1.28761
2026,18,68,0,1.86812
2027,18,69,0,1.32797
2028,18,70,0,0.10829
2029,18,71,0,1.40155
2030,18,72,0,1.55602
2031,18,73,0,0.21469
2032,18,74,0,1.00895
2033,18,75,0,1.66089
2034,18,76,0,1.84032
2035,18,77,0,0.98266
2036,18,78,0,1.29457
2037,18,79,0,1.47026
2038,18,80,0,1.34924
2039,18,81,0,1.03941
2040,18,82,0,1.1801
2041,18,83,0,1.54239
2042,18,84,0,1.95761
2043,18,85,0,2.32223
2044,18,86,0,2.04327
2045,18,87,0,1.39561
2046,18,88,0,0.3348
2047,18,89,0,2.17633
2048,18,90,0,0.88038
2049,18,91,0,1.98608
2050,18,92,0,2.07351
2051,18,93,0,0.80054
2052,18,94,0,0.18
2053,18,95,0,1.95956
2054,18,96,0,1.86795
2055,18,97,0,2.17702
2056,18,98,0,0.16517
2057,18,99,0,1.55561
2058,18,100,0,2.27368
2059,18,101,0,0.76755
2060,18,102,0,1.2083
2061,18,103,0,2.25981
2062,18,104,0,0.31841
2063,18,105,0,1.87077
2064,18,106,0,1.94927
2065,18,107,0,1.34553
2066,18,108,0,0.51864
2067,18,109,0,1.43029
2068,18,110,0,2.34453
2069,18,111,0,0.92438
2070,18,112,0,2.24989
2071,18,113,0,1.28482
2072,18,114,0,1.5036
2073,18,115,3,0.62486
2074,18,116,28,1.59053
2075,18,117,1,2.19423
2076,18,118,7,0.43965
3375,30,1,288,0.50204
3376,30,2,638,2.01241
3377,30,3,477,1.34404
3378,30,4,80,1.18471
3379,30,5,187,1.79116
3380,30,6,70,1.4243
3381,30,7,14,0.32904
3382,30,8,84,2.03095
3383,30,9,113,0.46404
3384,30,10,0,1.20475
3385,30,11,0,2.28743
3386,30,12,0,0.65486
3387,30,13,0,0.91724
3388,30,14,0,1.25589
3389,30,15,0,1.15282
3390,30,16,0,0.56024
3391,30,17,0,1.47611
3392,30,18,0,2.2028
3393,30,19,1,0.19659
3394,30,20,0,0.44089
3395,30,21,1,2.03671
3396,30,22,0,1.47851
3397,30,23,0,1.32015
3398,30,24,0,1.6235
3399,30,25,0,1.8658
3400,30,26,0,2.15346
3401,30,27,0,0.35761
3402,30,28,0,1.50291
3403,30,29,0,0.37121
3404,30,30,0,0.72629
3405,30,31,0,2.21671
3406,30,32,2,0.51299
3407,30,33,1,1.48383
3408,30,34,0,0.20852
3409,30,35,0,0.67805
3410,30,36,0,0.19652
3411,30,37,0,1.72732
3412,30,38,0,0.32433
3413,30,39,0,0.25167
3414,30,40,2,0.43802
3415,30,41,0,1.09782
3416,30,42,0,0.47366
3417,30,43,0,1.05029
3418,30,44,1,0.68012
3419,30,45,0,1.76056
3420,30,46,0,0.43732
3421,30,47,0,1.90522
3422,30,48,0,1.88212
3423,30,49,0,0.76929
3424,30,50,0,1.44229
3425,30,51,2,1.34105
3426,30,52,0,2.11371
3427,30,53,0,0.73945
3428,30,54,0,0.10476
3429,30,55,0,0.22566
3430,30,56,1,1.05223
3431,30,57,21,2.28293
3432,30,58,1,0.21563
3433,30,59,0,1.25495
3434,30,60,2,1.55092
3435,30,61,2,1.4059
3436,30,62,0,1.94097
3437,30,63,0,1.32017
3438,30,64,0,2.2348
3439,30,65,0,0.11856
3440,30,66,0,0.45918
3441,30,67,9,1.28941
3442,30,68,2,2.16204
3443,30,69,0,1.4404
3444,30,70,2,1.64343
3445,30,71,0,1.69131
3446,30,72,18,1.84184
3447,30,73,6,2.21631
3448,30,74,12,0.19863
3449,30,75,0,0.92386
3450,30,76,0,0.77223
3451,30,77,4,1.32714
3452,30,78,15,2.15513
3453,30,79,16,1.69854
3454,30,80,4,0.26756
3455,30,81,0,1.30968
3456,30,82,0,1.86256
3457,30,83,0,0.5536
3458,30,84,0,2.13875
3459,30,85,0,1.9097
3460,30,86,0,0.3867
3461,30,87,0,1.12224
3462,30,88,0,1.026
3463,30,89,6,2.20095
3464,30,90,2,2.28998
3465,30,91,0,0.88193
3466,30,92,1,1.71796
3467,30,93,0,1.0388
3468,30,94,1,1.05739
3469,30,95,0,2.07511
3470,30,96,2,1.59544
3471,30,97,4,0.43432
3472,30,98,0,2.11353
3473,30,99,2,2.00456
3474,30,100,2,0.56082
3475,30,101,0,0.76251
3476,30,102,1,1.07251
3477,30,103,2,1.87121
3478,30,104,0,1.15274
3479,30,105,3,2.0014
3480,30,106,0,0.12034
3481,30,107,0,0.53669
3482,30,108,0,1.11371
3483,30,109,0,1.24044
3484,30,110,3,0.58472
3485,30,111,0,1.12957
3486,30,112,0,0.25427
3487,30,113,0,1.80071
3488,30,114,0,1.19648
3489,30,115,32,1.69033
3490,30,116,28,0.37039
3491,30,117,2,1.60383
3492,30,118,12,2.22245
425,5,1,624,0.72904
426,5,2,65,2.24636
427,5,3,399,1.97283
428,5,4,252,1.61444
429,5,5,43,1.48562
430,5,6,161,1.20565
431,5,7,68,2.16727
432,5,8,35,2.18038
433,5,9,59,0.73142
434,5,10,10,0.43503
435,5,11,9,1.65279
436,5,12,0,2.23615
437,5,13,0,1.60699
438,5,14,1,1.6443
439,5,15,5,0.16189
440,5,16,5,1.91525
441,5,17,6,1.42872
442,5,18,0,1.88158
443,5,19,9,0.33537
444,5,20,0,1.82868
445,5,21,2,1.5654
446,5,22,0,2.07671
447,5,23,3,2.17099
448,5,24,0,0.43833
449,5,25,3,1.30017
450,5,26,0,1.04897
451,5,27,5,1.01919
452,5,28,18,2.02405
453,5,29,15,2.3073
454,5,30,0,1.7722
455,5,31,2,1.75856
456,5,32,10,1.84143
457,5,33,1,1.32952
458,5,34,1,0.33326
459,5,35,1,0.70371
460,5,36,2,1.96295
461,5,37,5,2.0936
462,5,38,0,1.21288
463,5,39,7,0.75048
464,5,40,0,2.17861
465,5,41,9,1.934
466,5,42,0,0.63187
467,5,43,6,2.2005
468,5,44,2,0.74255
469,5,45,2,0.31458
470,5,46,4,1.03263
471,5,47,17,0.1162
472,5,48,0,0.74282
473,5,49,2,1.32019
474,5,50,6,0.36081
475,5,51,0,0.22719
476,5,52,22,1.56667
477,5,53,0,0.28879
478,5,54,3,1.96401
479,5,55,0,0.65293
480,5,56,0,1.59459
481,5,57,24,1.92745
482,5,58,0,1.26718
483,5,59,0,1.27439
484,5,60,0,0.57235
485,5,61,0,1.7257
486,5,62,0,2.24201
487,5,63,0,1.44372
488,5,64,0,0.73233
489,5,65,0,1.29264
490,5,66,0,1.90517
491,5,67,0,0.33658
492,5,68,0,0.54123
493,5,69,0,2.30283
494,5,70,0,0.81268
495,5,71,0,0.89915
496,5,72,0,1.43161
497,5,73,0,0.67029
498,5,74,0,1.71974
499,5,75,0,1.2345
500,5,76,0,0.95883
501,5,77,0,1.61969
502,5,78,0,1.82666
503,5,79,0,0.86637
504,5,80,0,0.50914
505,5,81,0,1.25122
506,5,82,0,1.37034
507,5,83,0,2.33383
508,5,84,0,1.42663
509,5,85,0,2.05784
510,5,86,0,2.13383
511,5,87,0,2.20622
512,5,88,0,1.09748
513,5,89,0,1.19477
514,5,90,0,1.81302
515,5,91,0,1.12358
516,5,92,0,1.53855
517,5,93,0,0.38478
518,5,94,0,0.44346
519,5,95,0,1.29944
520,5,96,0,1.7381
521,5,97,0,1.04282
522,5,98,0,0.37853
523,5,99,0,1.14567
524,5,100,0,1.52004
525,5,101,0,2.00452
526,5,102,0,0.61387
527,5,103,0,0.19379
528,5,104,2,0.47283
529,5,105,0,1.42787
530,5,106,0,0.75789
531,5,107,0,0.26262
532,5,108,0,0.59771
533,5,109,0,1.35081
534,5,110,0,1.01889
535,5,111,0,2.27542
536,5,112,0,1.29149
537,5,113,0,0.63663
538,5,114,0,0.37652
539,5,115,12,0.92697
540,5,116,10,1.06865
541,5,117,1,1.6593
542,5,118,37,0.93994
1841,17,1,884,2.13911
1842,17,2,204,1.85538
1843,17,3,136,1.46267
1844,17,4,261,2.24123
1845,17,5,212,2.03571
1846,17,6,17,1.42351
1847,17,7,32,2.29813
1848,17,8,95,0.9796
1849,17,9,39,0.81197
1850,17,10,2,1.27434
1851,17,11,0,1.78395
1852,17,12,16,0.38547
1853,17,13,10,0.93383
1854,17,14,17,1.85429
1855,17,15,34,1.55229
1856,17,16,3,0.28524
1857,17,17,1,0.79307
1858,17,18,10,0.38621
1859,17,19,4,0.22796
1860,17,20,6,0.71828
1861,17,21,0,2.08293
1862,17,22,2,0.70987
1863,17,23,3,1.14465
1864,17,24,16,0.17243
1865,17,25,4,1.5226
1866,17,26,6,0.49427
1867,17,27,8,2.11849
1868,17,28,0,1.69198
1869,17,29,17,1.0454
1870,17,30,0,2.11366
1871,17,31,16,0.18631
1872,17,32,0,1.26954
1873,17,33,12,0.9881
1874,17,34,2,0.8386
1875,17,35,0,0.14644
1876,17,36,0,2.11995
1877,17,37,14,1.21957
1878,17,38,0,2.19624
1879,17,39,22,0.98089
1880,17,40,0,0.68737
1881,17,41,1,0.65375
1882,17,42,14,1.95669
1883,17,43,5,0.99097
1884,17,44,0,2.04797
1885,17,45,5,1.91926
1886,17,46,6,0.54303
1887,17,47,17,0.23768
1888,17,48,3,0.54119
1889,17,49,0,1.08734
1890,17,50,0,2.28935
1891,17,51,0,0.51456
1892,17,52,0,0.94176
1893,17,53,31,2.24923
1894,17,54,0,0.99629
1895,17,55,0,0.52322
1896,17,56,0,0.32893
1897,17,57,10,2.12622
1898,17,58,0,1.99173
1899,17,59,0,2.05665
1900,17,60,0,1.55972
1901,17,61,0,1.46544
1902,17,62,0,0.85518
1903,17,63,0,0.83074
1904,17,64,0,1.74725
1905,17,65,0,0.48358
1906,17,66,0,2.07781
1907,17,67,0,0.47667
1908,17,68,0,0.50912
1909,17,69,0,0.13567
1910,17,70,0,0.23134
1911,17,71,0,0.64534
1912,17,72,0,0.80779
1913,17,73,0,0.64395
1914,17,74,0,0.39506
1915,17,75,0,2.15566
1916,17,76,0,1.76203
1917,17,77,0,1.30349
1918,17,78,0,1.31295
1919,17,79,0,1.25762
1920,17,80,0,1.96366
1921,17,81,0,1.4842
1922,17,82,0,1.33361
1923,17,83,0,0.43295
1924,17,84,0,1.20155
1925,17,85,0,0.51315
1926,17,86,0,1.41843
1927,17,87,0,1.65225
1928,17,88,0,0.29273
1929,17,89,0,0.35156
1930,17,90,0,2.33107
1931,17,91,0,1.60541
1932,17,92,0,1.4386
1933,17,93,0,0.32252
1934,17,94,0,0.31111
1935,17,95,0,1.00709
1936,17,96,0,1.74993
1937,17,97,0,0.3313
1938,17,98,0,1.70418
1939,17,99,0,0.14746
1940,17,100,0,1.48784
1941,17,101,0,1.21703
1942,17,102,0,0.79572
1943,17,103,0,2.28649
1944,17,104,0,0.62707
1945,17,105,0,1.59848
1946,17,106,0,1.23978
1947,17,107,0,1.62302
1948,17,108,1,0.87654
1949,17,109,0,1.14273
1950,17,110,0,0.96956
1951,17,111,0,1.50395
1952,17,112,0,0.11299
1953,17,113,0,1.08007
1954,17,114,0,1.94622
1955,17,115,19,2.27974
1956,17,116,23,1.00704
1957,17,117,11,2.32105
1958,17,118,35,2.01251
3257,29,1,730,0.94306
3258,29,2,618,1.72087
3259,29,3,599,0.85134
3260,29,4,253,1.62216
3261,29,5,256,0.45577
3262,29,6,4,1.00816
3263,29,7,85,0.69943
3264,29,8,4,1.05192
3265,29,9,97,2.16128
3266,29,10,0,1.29473
3267,29,11,0,1.50214
3268,29,12,0,0.99225
3269,29,13,0,1.35959
3270,29,14,0,0.50793
3271,29,15,0,1.57182
3272,29,16,0,2.13592
3273,29,17,3,0.72331
3274,29,18,0,0.74477
3275,29,19,0,1.45881
3276,29,20,2,0.49966
3277,29,21,0,1.90555
3278,29,22,0,0.35819
3279,29,23,0,0.68835
3280,29,24,4,1.04896
3281,29,25,0,0.12892
3282,29,26,0,2.04683
3283,29,27,0,1.09101
3284,29,28,0,1.48278
3285,29,29,0,2.18438
3286,29,30,0,0.78146
3287,29,31,0,0.96468
3288,29,32,0,0.60821
3289,29,33,0,1.94845
3290,29,34,0,1.71921
3291,29,35,0,1.15261
3292,29,36,0,1.09547
3293,29,37,0,1.24046
3294,29,38,0,0.41625
3295,29,39,2,2.32035
3296,29,40,0,2.25532
3297,29,41,0,1.80387
3298,29,42,0,1.41444
3299,29,43,0,1.81745
3300,29,44,0,1.48813
3301,29,45,0,0.90656
3302,29,46,0,2.08789
3303,29,47,0,1.74026
3304,29,48,0,1.64186
3305,29,49,0,1.51269
3306,29,50,0,0.99653
3307,29,51,0,0.22784
3308,29,52,0,1.94017
3309,29,53,0,2.04145
3310,29,54,0,2.25746
3311,29,55,0,0.68155
3312,29,56,0,1.35203
3313,29,57,2,1.99901
3314,29,58,0,1.72606
3315,29,59,0,0.14675
3316,29,60,0,0.23813
3317,29,61,0,0.48791
3318,29,62,0,1.66
3319,29,63,0,2.32042
3320,29,64,0,1.51528
3321,29,65,0,0.55813
3322,29,66,0,0.98042
3323,29,67,21,0.12703
3324,29,68,0,0.17963
3325,29,69,0,0.84005
3326,29,70,1,1.10825
3327,29,71,8,0.70674
3328,29,72,0,0.94499
3329,29,73,2,1.36982
3330,29,74,5,2.28035
3331,29,75,0,0.2368
3332,29,76,0,2.27018
3333,29,77,3,1.39781
3334,29,78,7,2.30154
3335,29,79,1,2.12838
3336,29,80,8,2.18901
3337,29,81,4,1.44587
3338,29,82,2,0.29337
3339,29,83,0,0.54795
3340,29,84,0,0.72648
3341,29,85,8,1.19685
3342,29,86,0,1.96074
3343,29,87,9,0.25356
3344,29,88,0,1.3304
3345,29,89,4,1.68307
3346,29,90,1,1.07789
3347,29,91,4,0.30943
3348,29,92,0,0.1715
3349,29,93,0,2.26298
3350,29,94,5,2.01129
3351,29,95,4,0.85175
3352,29,96,4,2.21088
3353,29,97,5,1.37178
3354,29,98,0,2.17602
3355,29,99,5,1.186
3356,29,100,1,2.00431
3357,29,101,1,0.98524
3358,29,102,0,1.99227
3359,29,103,1,1.22668
3360,29,104,0,1.80667
3361,29,105,0,1.21978
3362,29,106,0,1.33469
3363,29,107,0,0.46402
3364,29,108,0,0.52282
3365,29,109,0,1.92208
3366,29,110,0,0.80747
3367,29,111,0,1.37316
3368,29,112,0,2.12764
3369,29,113,0,1.78541
3370,29,114,0,2.24771
3371,29,115,2,1.73186
3372,29,116,19,1.65231
3373,29,117,17,1.01005
3374,29,118,21,1.96555
307,4,1,633,1.22875
308,4,2,625,0.5084
309,4,3,116,1.16913
310,4,4,280,0.31749
311,4,5,217,0.99378
312,4,6,98,1.21593
313,4,7,73,0.69765
314,4,8,100,0.62622
315,4,9,72,1.19934
316,4,10,2,1.8676
317,4,11,5,0.30869
318,4,12,0,1.17057
319,4,13,9,0.35395
320,4,14,5,1.87734
321,4,15,3,0.53537
322,4,16,2,1.38493
323,4,17,10,2.05846
324,4,18,13,0.14801
325,4,19,12,2.16831
326,4,20,0,1.03759
327,4,21,14,0.9055
328,4,22,0,0.23562
329,4,23,0,1.92006
330,4,24,0,1.89466
331,4,25,4,1.63576
332,4,26,5,1.05173
333,4,27,1,1.89598
334,4,28,3,0.99956
335,4,29,16,1.36066
336,4,30,5,2.12855
337,4,31,25,1.04934
338,4,32,4,1.99691
339,4,33,13,0.7826
340,4,34,0,1.65536
341,4,35,0,1.17734
342,4,36,0,1.50938
343,4,37,2,1.75691
344,4,38,0,2.06905
345,4,39,0,1.43463
346,4,40,12,0.56533
347,4,41,0,1.52621
348,4,42,3,2.12365
349,4,43,15,2.22367
350,4,44,7,1.45152
351,4,45,9,1.36254
352,4,46,7,0.92166
353,4,47,12,0.12668
354,4,48,0,1.757
355,4,49,10,0.16106
356,4,50,0,2.16412
357,4,51,1,0.99349
358,4,52,6,1.88516
359,4,53,0,1.37573
360,4,54,0,1.16413
361,4,55,0,1.21993
362,4,56,0,0.87078
363,4,57,1,1.07706
364,4,58,0,1.62977
365,4,59,0,2.31088
366,4,60,0,0.50504
367,4,61,0,1.95759
368,4,62,0,0.82617
369,4,63,0,0.70025
370,4,64,0,0.5838
371,4,65,0,1.28305
372,4,66,0,1.25452
373,4,67,0,1.74455
374,4,68,0,0.48166
375,4,69,0,0.42208
376,4,70,0,0.73308
377,4,71,0,1.72616
378,4,72,0,1.38926
379,4,73,0,2.33898
380,4,74,0,1.61466
381,4,75,0,1.11324
382,4,76,0,0.54796
383,4,77,0,0.35688
384,4,78,0,1.66407
385,4,79,0,1.88044
386,4,80,0,0.18578
387,4,81,0,2.32909
388,4,82,0,1.89566
389,4,83,0,1.60635
390,4,84,0,0.20024
391,4,85,0,1.04663
392,4,86,0,0.68995
393,4,87,0,1.99387
394,4,88,0,0.5137
395,4,89,0,0.44441
396,4,90,0,2.33796
397,4,91,0,0.91048
398,4,92,0,0.61628
399,4,93,0,1.7233
400,4,94,0,0.3872
401,4,95,0,0.79296
402,4,96,0,0.45856
403,4,97,0,1.62196
404,4,98,0,0.19582
405,4,99,0,2.14562
406,4,100,0,0.14044
407,4,101,0,0.9379
408,4,102,0,0.47005
409,4,103,0,0.46932
410,4,104,0,0.50327
411,4,105,0,1.56565
412,4,106,0,0.42647
413,4,107,0,2.21955
414,4,108,0,0.85386
415,4,109,0,0.45409
416,4,110,0,2.29906
417,4,111,0,2.17848
418,4,112,0,1.63346
419,4,113,0,1.52777
420,4,114,0,1.28979
421,4,115,17,1.93463
422,4,116,36,1.6283
423,4,117,20,0.42734
424,4,118,17,1.56594
1723,16,1,481,2.29265
1724,16,2,156,0.87258
1725,16,3,470,1.80975
1726,16,4,343,1.52666
1727,16,5,367,0.14551
1728,16,6,233,2.04171
1729,16,7,154,0.36175
1730,16,8,9,0.53641
1731,16,9,42,1.75277
1732,16,10,5,0.68379
1733,16,11,20,1.72595
1734,16,12,13,0.94702
1735,16,13,5,0.11145
1736,16,14,4,0.29865
1737,16,15,3,0.635
1738,16,16,10,0.28336
1739,16,17,12,0.48969
1740,16,18,1,1.49474
1741,16,19,0,0.41787
1742,16,20,6,1.57877
1743,16,21,3,1.75116
1744,16,22,6,0.70787
1745,16,23,0,1.03424
1746,16,24,20,0.25823
1747,16,25,0,0.86349
1748,16,26,0,0.18565
1749,16,27,0,1.5212
1750,16,28,6,0.54874
1751,16,29,1,0.56424
1752,16,30,4,0.37563
1753,16,31,24,1.67018
1754,16,32,11,2.10424
1755,16,33,5,1.65731
1756,16,34,4,0.46672
1757,16,35,14,2.03652
1758,16,36,0,1.84713
1759,16,37,0,0.33661
1760,16,38,11,1.96437
1761,16,39,2,0.26592
1762,16,40,7,2.32414
1763,16,41,4,0.14576
1764,16,42,0,0.54468
1765,16,43,2,0.94814
1766,16,44,0,1.23136
1767,16,45,8,1.85035
1768,16,46,2,1.17677
1769,16,47,10,2.01338
1770,16,48,0,1.89714
1771,16,49,0,2.25064
1772,16,50,0,1.08236
1773,16,51,10,0.70135
1774,16,52,7,2.05172
1775,16,53,0,1.02905
1776,16,54,22,0.79125
1777,16,55,0,0.56062
1778,16,56,0,0.89959
1779,16,57,22,1.76333
1780,16,58,0,1.36162
1781,16,59,0,0.37109
1782,16,60,0,2.29672
1783,16,61,0,1.44253
1784,16,62,0,0.15062
1785,16,63,0,1.54871
1786,16,64,0,1.02127
1787,16,65,0,1.99748
1788,16,66,0,1.58323
1789,16,67,0,1.27188
1790,16,68,1,1.69334
1791,16,69,0,1.62628
1792,16,70,0,1.78767
1793,16,71,0,0.34847
1794,16,72,0,0.11817
1795,16,73,0,1.61978
1796,16,74,0,0.30579
1797,16,75,0,1.91627
1798,16,76,0,1.56492
1799,16,77,0,1.50728
1800,16,78,0,0.45105
1801,16,79,0,2.07312
1802,16,80,0,1.34064
1803,16,81,0,1.19785
1804,16,82,0,1.48206
1805,16,83,0,0.6794
1806,16,84,0,1.53259
1807,16,85,0,1.64117
1808,16,86,0,1.82756
1809,16,87,0,1.80519
1810,16,88,0,1.85814
1811,16,89,0,2.20186
1812,16,90,0,0.41808
1813,16,91,0,0.43511
1814,16,92,0,0.56423
1815,16,93,0,2.08587
1816,16,94,0,0.74176
1817,16,95,0,1.95428
1818,16,96,0,0.61215
1819,16,97,0,1.40323
1820,16,98,0,1.48434
1821,16,99,0,1.8469
1822,16,100,0,2.21486
1823,16,101,0,2.24098
1824,16,102,0,1.33665
1825,16,103,0,1.98791
1826,16,104,0,1.0586
1827,16,105,0,2.10973
1828,16,106,0,2.02964
1829,16,107,0,1.8832
1830,16,108,0,0.28673
1831,16,109,0,1.74491
1832,16,110,0,1.34606
1833,16,111,0,1.16101
1834,16,112,0,2.15388
1835,16,113,0,2.1221
1836,16,114,0,1.0446
1837,16,115,32,0.70215
1838,16,116,26,1.31438
1839,16,117,18,1.69954
1840,16,118,16,0.39891
3139,28,1,621,0.88657
3140,28,2,159,0.15548
3141,28,3,583,0.94685
3142,28,4,159,1.00909
3143,28,5,141,1.15101
3144,28,6,93,0.57969
3145,28,7,8,2.18091
3146,28,8,23,0.57375
3147,28,9,91,1.38641
3148,28,10,3,1.91688
3149,28,11,5,1.64608
3150,28,12,5,0.45392
3151,28,13,0,2.04675
3152,28,14,1,1.43792
3153,28,15,12,1.48586
3154,28,16,0,1.07625
3155,28,17,1,1.99705
3156,28,18,2,1.44117
3157,28,19,0,0.35899
3158,28,20,14,1.03225
3159,28,21,0,0.6306
3160,28,22,0,1.1631
3161,28,23,0,0.76759
3162,28,24,1,0.95976
3163,28,25,7,1.86183
3164,28,26,0,2.26924
3165,28,27,1,0.6314
3166,28,28,6,1.77448
3167,28,29,6,1.74432
3168,28,30,2,1.24024
3169,28,31,6,2.11459
3170,28,32,0,2.2896
3171,28,33,0,0.79354
3172,28,34,5,2.08529
3173,28,35,4,2.11785
3174,28,36,20,0.20438
3175,28,37,1,0.3143
3176,28,38,0,0.88292
3177,28,39,0,0.88397
3178,28,40,0,2.34503
3179,28,41,2,1.82
3180,28,42,0,0.69938
3181,28,43,0,0.48024
3182,28,44,3,0.24525
3183,28,45,0,1.89356
3184,28,46,7,1.41797
3185,28,47,6,2.28517
3186,28,48,0,0.22573
3187,28,49,0,1.14507
3188,28,50,16,0.31753
3189,28,51,0,2.33485
3190,28,52,1,0.36913
3191,28,53,13,1.82041
3192,28,54,0,2.22786
3193,28,55,0,1.7125
3194,28,56,0,0.60638
3195,28,57,3,0.56985
3196,28,58,0,0.67932
3197,28,59,0,2.19697
3198,28,60,0,1.52327
3199,28,61,0,0.70648
3200,28,62,0,1.26348
3201,28,63,0,1.19219
3202,28,64,0,0.96015
3203,28,65,0,0.41583
3204,28,66,0,1.17605
3205,28,67,0,1.55239
3206,28,68,0,1.83195
3207,28,69,0,2.12219
3208,28,70,0,2.32807
3209,28,71,6,2.15868
3210,28,72,0,0.57064
3211,28,73,0,1.64705
3212,28,74,0,1.02864
3213,28,75,0,1.74649
3214,28,76,0,1.59133
3215,28,77,0,1.02079
3216,28,78,0,0.79704
3217,28,79,0,0.55742
3218,28,80,0,1.35022
3219,28,81,0,1.81639
3220,28,82,0,0.26606
3221,28,83,0,0.37939
3222,28,84,0,0.16886
3223,28,85,7,1.0671
3224,28,86,0,2.10979
3225,28,87,0,0.95394
3226,28,88,0,2.30857
3227,28,89,0,2.33507
3228,28,90,0,0.69756
3229,28,91,2,1.42868
3230,28,92,1,1.65789
3231,28,93,0,1.77112
3232,28,94,6,1.42333
3233,28,95,0,1.37548
3234,28,96,0,1.50239
3235,28,97,0,0.76882
3236,28,98,2,1.79506
3237,28,99,0,1.26299
3238,28,100,0,0.6956
3239,28,101,2,1.2184
3240,28,102,0,0.69638
3241,28,103,1,2.08293
3242,28,104,0,2.01232
3243,28,105,5,0.86549
3244,28,106,0,2.00027
3245,28,107,0,1.426
3246,28,108,0,0.56907
3247,28,109,0,0.19279
3248,28,110,0,1.06547
3249,28,111,0,0.7762
3250,28,112,0,0.44545
3251,28,113,0,1.62268
3252,28,114,0,0.44325
3253,28,115,26,0.24703
3254,28,116,22,0.51866
3255,28,117,2,1.26658
3256,28,118,14,2.18772
189,3,1,542,1.45609
190,3,2,11,1.85032
191,3,3,589,1.65009
192,3,4,190,1.69415
193,3,5,84,1.17545
194,3,6,169,2.20751
195,3,7,153,1.42936
196,3,8,42,1.09734
197,3,9,97,0.77267
198,3,10,2,0.37583
199,3,11,9,0.21203
200,3,12,4,0.26442
201,3,13,0,0.47345
202,3,14,3,1.50421
203,3,15,4,1.00018
204,3,16,10,1.8585
205,3,17,2,0.39484
206,3,18,10,1.93574
207,3,19,38,2.33373
208,3,20,0,1.74362
209,3,21,8,0.8197
210,3,22,2,1.89438
211,3,23,0,1.40449
212,3,24,7,0.13223
213,3,25,17,1.44088
214,3,26,7,2.02657
215,3,27,1,2.12182
216,3,28,6,1.11365
217,3,29,0,0.38985
218,3,30,0,1.49855
219,3,31,1,1.53231
220,3,32,5,0.10914
221,3,33,4,0.22596
222,3,34,11,1.11736
223,3,35,0,0.50945
224,3,36,0,1.80606
225,3,37,1,0.18579
226,3,38,5,2.26618
227,3,39,7,1.68001
228,3,40,3,0.10966
229,3,41,0,0.66409
230,3,42,2,2.16247
231,3,43,2,1.08975
232,3,44,1,0.85456
233,3,45,26,0.24919
234,3,46,1,0.3292
235,3,47,17,1.6925
236,3,48,1,1.54275
237,3,49,8,1.96335
238,3,50,12,1.17206
239,3,51,2,1.2162
240,3,52,0,0.72995
241,3,53,15,2.33101
242,3,54,5,1.842
243,3,55,0,0.4075
244,3,56,0,2.29587
245,3,57,4,0.444
246,3,58,0,1.38893
247,3,59,0,1.95221
248,3,60,0,0.35696
249,3,61,0,1.06332
250,3,62,0,2.18387
251,3,63,0,1.056
252,3,64,0,0.39979
253,3,65,0,1.1993
254,3,66,0,0.33491
255,3,67,0,1.37942
256,3,68,0,0.76759
257,3,69,0,0.18625
258,3,70,0,1.12894
259,3,71,0,1.55745
260,3,72,0,1.74404
261,3,73,0,0.184
262,3,74,0,0.93755
263,3,75,0,1.66701
264,3,76,0,0.67775
265,3,77,0,1.15304
266,3,78,0,1.31367
267,3,79,0,1.72294
268,3,80,0,0.39234
269,3,81,0,0.19796
270,3,82,0,1.61369
271,3,83,0,1.22278
272,3,84,0,1.07735
273,3,85,0,0.84245
274,3,86,0,0.74167
275,3,87,0,0.60821
276,3,88,0,0.48238
277,3,89,0,1.78563
278,3,90,0,1.89499
279,3,91,0,0.53143
280,3,92,0,0.79362
281,3,93,0,0.51464
282,3,94,0,2.09864
283,3,95,0,0.37854
284,3,96,0,0.15467
285,3,97,0,1.20577
286,3,98,0,0.33126
287,3,99,0,2.23602
288,3,100,0,0.30317
289,3,101,0,1.5461
290,3,102,0,2.14885
291,3,103,0,1.50326
292,3,104,0,0.41094
293,3,105,0,0.30236
294,3,106,0,2.29489
295,3,107,0,0.16453
296,3,108,0,0.4894
297,3,109,0,0.37772
298,3,110,0,0.5967
299,3,111,0,1.87165
300,3,112,0,1.1389
301,3,113,0,1.36788
302,3,114,0,1.32828
303,3,115,6,0.90748
304,3,116,19,0.1213
305,3,117,31,2.27847
306,3,118,37,1.99325
1605,15,1,543,1.57635
1606,15,2,78,1.02936
1607,15,3,83,0.62865
1608,15,4,333,0.21305
1609,15,5,189,1.37123
1610,15,6,199,0.5104
1611,15,7,32,1.04703
1612,15,8,125,1.63432
1613,15,9,31,0.30119
1614,15,10,7,1.77863
1615,15,11,3,1.42105
1616,15,12,13,2.30696
1617,15,13,0,2.08283
1618,15,14,0,0.95717
1619,15,15,6,2.00387
1620,15,16,1,1.48931
1621,15,17,5,0.67446
1622,15,18,0,1.47516
1623,15,19,10,0.53306
1624,15,20,14,0.28895
1625,15,21,0,1.90228
1626,15,22,1,1.60181
1627,15,23,0,0.81899
1628,15,24,10,0.30204
1629,15,25,6,1.47463
1630,15,26,8,1.75323
1631,15,27,10,1.29905
1632,15,28,0,0.36961
1633,15,29,10,1.14786
1634,15,30,0,1.58529
1635,15,31,32,0.72993
1636,15,32,18,1.75257
1637,15,33,7,1.9474
1638,15,34,2,1.38243
1639,15,35,6,1.64793
1640,15,36,0,2.18234
1641,15,37,2,2.16479
1642,15,38,2,1.87436
1643,15,39,7,0.97374
1644,15,40,3,1.51019
1645,15,41,8,0.85858
1646,15,42,0,1.69609
1647,15,43,2,0.45712
1648,15,44,4,0.31301
1649,15,45,5,1.4573
1650,15,46,0,0.89925
1651,15,47,8,0.7012
1652,15,48,0,0.69622
1653,15,49,1,0.90391
1654,15,50,2,2.20982
1655,15,51,4,0.88575
1656,15,52,7,1.34217
1657,15,53,0,0.6882
1658,15,54,4,0.69851
1659,15,55,0,0.57257
1660,15,56,0,0.86801
1661,15,57,18,0.88961
1662,15,58,0,1.9722
1663,15,59,0,2.18756
1664,15,60,0,1.42007
1665,15,61,0,2.29179
1666,15,62,0,0.46759
1667,15,63,0,0.85205
1668,15,64,2,1.49465
1669,15,65,2,0.67643
1670,15,66,0,1.43338
1671,15,67,0,1.54443
1672,15,68,0,0.27565
1673,15,69,0,1.82408
1674,15,70,0,1.53452
1675,15,71,0,0.38311
1676,15,72,0,2.05745
1677,15,73,0,1.07245
1678,15,74,0,1.58733
1679,15,75,0,0.72476
1680,15,76,0,0.95234
1681,15,77,0,0.65596
1682,15,78,0,0.90431
1683,15,79,0,1.2504
1684,15,80,0,0.16466
1685,15,81,0,1.65672
1686,15,82,0,1.73927
1687,15,83,2,0.4253
1688,15,84,0,0.43425
1689,15,85,0,1.92178
1690,15,86,0,0.83577
1691,15,87,0,2.10856
1692,15,88,0,0.32092
1693,15,89,0,0.20471
1694,15,90,0,0.48368
1695,15,91,0,0.26645
1696,15,92,0,1.67525
1697,15,93,0,0.60926
1698,15,94,0,1.66804
1699,15,95,0,1.84993
1700,15,96,0,0.78633
1701,15,97,0,0.68585
1702,15,98,0,1.85495
1703,15,99,0,0.34103
1704,15,100,0,0.4002
1705,15,101,0,0.37764
1706,15,102,0,1.92541
1707,15,103,0,0.20545
1708,15,104,0,1.19884
1709,15,105,0,2.32321
1710,15,106,0,1.37352
1711,15,107,0,2.17864
1712,15,108,0,1.00443
1713,15,109,0,0.41836
1714,15,110,0,2.04673
1715,15,111,0,1.67404
1716,15,112,0,1.78554
1717,15,113,0,0.34678
1718,15,114,0,0.14494
1719,15,115,39,0.56777
1720,15,116,27,0.3459
1721,15,117,17,1.22961
1722,15,118,31,1.75027
3021,27,1,57,0.39551
3022,27,2,619,0.91387
3023,27,3,175,2.09784
3024,27,4,97,0.24145
3025,27,5,176,0.19859
3026,27,6,101,0.21878
3027,27,7,91,1.12452
3028,27,8,100,1.53908
3029,27,9,11,0.16137
3030,27,10,3,0.17242
3031,27,11,6,1.27835
3032,27,12,10,0.44961
3033,27,13,2,0.18107
3034,27,14,3,1.03368
3035,27,15,11,2.1628
3036,27,16,1,1.38468
3037,27,17,8,1.06243
3038,27,18,5,0.34205
3039,27,19,10,1.03023
3040,27,20,26,1.31639
3041,27,21,4,0.14667
3042,27,22,3,0.42791
3043,27,23,0,2.15695
3044,27,24,1,1.1724
3045,27,25,3,0.33193
3046,27,26,2,1.69635
3047,27,27,0,0.12731
3048,27,28,5,2.11909
3049,27,29,3,0.82452
3050,27,30,4,1.93927
3051,27,31,1,1.28826
3052,27,32,0,1.27277
3053,27,33,6,2.1284
3054,27,34,3,1.38964
3055,27,35,4,0.96505
3056,27,36,15,2.11189
3057,27,37,14,0.30921
3058,27,38,0,2.3256
3059,27,39,18,2.24845
3060,27,40,9,1.75702
3061,27,41,1,0.25708
3062,27,42,10,2.14362
3063,27,43,1,1.46297
3064,27,44,0,0.3046
3065,27,45,11,1.19313
3066,27,46,19,0.50261
3067,27,47,3,0.80445
3068,27,48,6,2.28587
3069,27,49,2,1.24482
3070,27,50,0,0.93273
3071,27,51,14,1.66084
3072,27,52,5,2.09038
3073,27,53,0,1.14825
3074,27,54,1,1.37072
3075,27,55,0,1.50968
3076,27,56,0,1.37945
3077,27,57,5,2.04856
3078,27,58,0,0.7137
3079,27,59,0,0.70763
3080,27,60,0,1.48331
3081,27,61,0,0.49854
3082,27,62,0,0.86901
3083,27,63,0,0.21262
3084,27,64,0,1.06525
3085,27,65,0,1.39757
3086,27,66,0,0.18115
3087,27,67,0,0.37251
3088,27,68,0,2.02252
3089,27,69,0,1.80585
3090,27,70,0,1.42816
3091,27,71,9,1.76986
3092,27,72,0,1.33642
3093,27,73,0,1.79687
3094,27,74,6,0.31117
3095,27,75,0,1.52918
3096,27,76,0,2.19858
3097,27,77,0,1.4583
3098,27,78,0,1.31521
3099,27,79,0,1.03998
3100,27,80,2,1.5287
3101,27,81,0,1.70755
3102,27,82,0,0.21998
3103,27,83,0,2.32836
3104,27,84,0,2.25429
3105,27,85,0,0.69236
3106,27,86,0,0.3827
3107,27,87,0,0.17014
3108,27,88,0,2.01727
3109,27,89,0,2.29765
3110,27,90,0,0.51127
3111,27,91,0,0.28227
3112,27,92,0,2.03648
3113,27,93,0,1.15999
3114,27,94,0,1.27134
3115,27,95,0,0.54004
3116,27,96,0,2.00759
3117,27,97,0,0.57377
3118,27,98,0,1.4208
3119,27,99,0,1.88333
3120,27,100,0,2.12774
3121,27,101,0,1.68446
3122,27,102,0,0.60374
3123,27,103,0,1.25847
3124,27,104,2,1.96419
3125,27,105,0,1.7738
3126,27,106,0,0.24165
3127,27,107,0,2.09296
3128,27,108,0,1.1239
3129,27,109,0,1.35533
3130,27,110,0,2.13051
3131,27,111,0,1.00876
3132,27,112,0,1.24593
3133,27,113,0,0.47958
3134,27,114,0,1.8108
3135,27,115,16,2.01744
3136,27,116,6,0.55303
3137,27,117,23,1.48924
3138,27,118,26,1.16548
71,2,1,675,0.48195
72,2,2,497,0.21604
73,2,3,144,2.34024
74,2,4,97,0.82492
75,2,5,155,1.40097
76,2,6,108,0.71709
77,2,7,7,1.68373
78,2,8,32,0.12971
79,2,9,101,1.04647
80,2,10,5,0.7349
81,2,11,2,0.98772
82,2,12,10,2.13812
83,2,13,6,0.14651
84,2,14,26,0.39756
85,2,15,14,2.09926
86,2,16,22,2.05555
87,2,17,4,2.06344
88,2,18,0,0.21145
89,2,19,13,0.99457
90,2,20,10,1.78453
91,2,21,0,2.27517
92,2,22,2,0.54687
93,2,23,18,1.4717
94,2,24,0,2.00205
95,2,25,0,2.1347
96,2,26,11,0.55044
97,2,27,19,0.58348
98,2,28,3,1.9377
99,2,29,4,1.9182
100,2,30,0,1.45515
101,2,31,7,0.82031
102,2,32,2,2.13078
103,2,33,0,0.15562
104,2,34,1,0.96012
105,2,35,3,2.34477
106,2,36,16,0.92187
107,2,37,4,1.56991
108,2,38,4,1.95226
109,2,39,0,1.46325
110,2,40,4,0.55563
111,2,41,17,1.75201
112,2,42,1,1.76353
113,2,43,4,1.9641
114,2,44,4,1.46111
115,2,45,0,0.89859
116,2,46,3,0.86486
117,2,47,1,1.19017
118,2,48,8,1.47858
119,2,49,4,1.10929
120,2,50,0,1.31906
121,2,51,4,0.62682
122,2,52,1,0.81887
123,2,53,6,0.52345
124,2,54,3,0.56045
125,2,55,0,1.28232
126,2,56,0,0.86835
127,2,57,37,2.16324
128,2,58,0,0.8703
129,2,59,0,1.67945
130,2,60,0,2.03789
131,2,61,0,0.24009
132,2,62,0,2.17439
133,2,63,0,0.38722
134,2,64,0,0.74908
135,2,65,0,1.30675
136,2,66,0,1.39445
137,2,67,0,1.0799
138,2,68,0,0.48953
139,2,69,0,0.97141
140,2,70,0,1.64132
141,2,71,2,1.6874
142,2,72,0,2.29937
143,2,73,0,1.26505
144,2,74,0,0.53272
145,2,75,0,1.07115
146,2,76,0,0.24304
147,2,77,0,2.28111
148,2,78,0,1.02525
149,2,79,0,1.02259
150,2,80,0,2.1071
151,2,81,0,1.60497
152,2,82,0,1.93772
153,2,83,0,0.43886
154,2,84,0,1.6283
155,2,85,0,1.46704
156,2,86,0,0.25671
157,2,87,0,1.93934
158,2,88,0,0.17923
159,2,89,0,2.1064
160,2,90,0,1.52629
161,2,91,0,0.64955
162,2,92,0,1.00022
163,2,93,0,1.24098
164,2,94,0,1.12612
165,2,95,1,1.93824
166,2,96,0,0.12699
167,2,97,0,1.29469
168,2,98,0,1.28167
169,2,99,0,1.23322
170,2,100,0,0.9587
171,2,101,0,2.32504
172,2,102,0,1.8034
173,2,103,0,1.09194
174,2,104,0,0.88751
175,2,105,0,1.62541
176,2,106,0,2.24426
177,2,107,0,1.47833
178,2,108,0,1.85935
179,2,109,0,0.58898
180,2,110,0,0.14489
181,2,111,0,1.3332
182,2,112,0,1.09684
183,2,113,0,0.62871
184,2,114,0,1.06034
185,2,115,3,1.85317
186,2,116,35,1.22691
187,2,117,18,1.07032
188,2,118,35,1.65338
1487,14,1,261,2.15078
1488,14,2,11,1.9413
1489,14,3,132,2.33072
1490,14,4,163,0.35399
1491,14,5,37,2.02556
1492,14,6,80,0.3635
1493,14,7,29,0.1971
1494,14,8,22,2.33581
1495,14,9,90,1.95824
1496,14,10,0,1.82404
1497,14,11,14,0.33123
1498,14,12,0,0.11546
1499,14,13,11,0.2777
1500,14,14,3,1.39322
1501,14,15,1,0.18321
1502,14,16,17,1.72488
1503,14,17,2,0.88822
1504,14,18,0,1.92918
1505,14,19,2,1.12448
1506,14,20,16,0.54442
1507,14,21,24,0.24617
1508,14,22,0,2.02258
1509,14,23,12,1.81952
1510,14,24,10,0.70139
1511,14,25,5,0.49425
1512,14,26,0,1.75337
1513,14,27,14,1.70755
1514,14,28,5,1.85008
1515,14,29,0,0.10306
1516,14,30,13,1.47902
1517,14,31,7,1.75071
1518,14,32,0,0.35667
1519,14,33,0,0.56339
1520,14,34,4,0.40933
1521,14,35,10,2.1718
1522,14,36,4,1.12582
1523,14,37,1,1.25968
1524,14,38,9,1.41053
1525,14,39,15,1.79037
1526,14,40,3,2.19668
1527,14,41,0,1.57573
1528,14,42,0,0.49598
1529,14,43,2,0.12233
1530,14,44,0,2.23467
1531,14,45,8,0.70249
1532,14,46,0,1.92912
1533,14,47,5,0.33584
1534,14,48,23,0.89507
1535,14,49,0,1.85393
1536,14,50,7,0.62257
1537,14,51,0,1.9198
1538,14,52,3,1.10766
1539,14,53,14,0.77402
1540,14,54,13,1.03422
1541,14,55,0,1.03309
1542,14,56,0,2.3061
1543,14,57,1,0.41109
1544,14,58,0,1.65438
1545,14,59,0,1.89536
1546,14,60,3,0.56788
1547,14,61,0,1.89109
1548,14,62,0,0.7138
1549,14,63,2,1.81663
1550,14,64,0,1.60332
1551,14,65,3,1.04277
1552,14,66,2,0.27025
1553,14,67,0,1.87171
1554,14,68,0,0.49102
1555,14,69,0,1.91525
1556,14,70,0,0.68925
1557,14,71,0,0.17798
1558,14,72,0,0.6651
1559,14,73,0,2.3325
1560,14,74,0,0.79205
1561,14,75,0,0.79794
1562,14,76,0,2.19182
1563,14,77,0,0.14987
1564,14,78,0,1.49822
1565,14,79,0,1.26785
1566,14,80,0,0.29302
1567,14,81,0,1.66932
1568,14,82,0,1.15947
1569,14,83,1,1.48118
1570,14,84,0,1.68589
1571,14,85,0,0.73439
1572,14,86,0,1.77681
1573,14,87,0,0.97668
1574,14,88,0,2.27234
1575,14,89,0,0.77375
1576,14,90,0,2.1608
1577,14,91,0,2.34452
1578,14,92,0,1.33886
1579,14,93,0,1.42343
1580,14,94,0,0.43518
1581,14,95,0,1.29981
1582,14,96,0,2.03649
1583,14,97,0,1.02398
1584,14,98,0,0.23126
1585,14,99,0,2.11738
1586,14,100,0,2.34411
1587,14,101,0,0.71048
1588,14,102,0,0.71842
1589,14,103,0,1.80056
1590,14,104,0,2.32131
1591,14,105,0,0.13035
1592,14,106,0,0.50225
1593,14,107,0,1.60072
1594,14,108,0,2.32335
1595,14,109,0,0.54599
1596,14,110,0,1.47182
1597,14,111,0,2.28099
1598,14,112,0,2.15643
1599,14,113,0,1.27543
1600,14,114,0,1.58051
1601,14,115,35,0.28249
1602,14,116,15,1.68669
1603,14,117,22,1.72474
1604,14,118,25,1.76609
2903,26,1,679,0.91894
2904,26,2,302,1.64554
2905,26,3,189,1.79941
2906,26,4,147,0.34474
2907,26,5,235,0.12529
2908,26,6,99,1.44617
2909,26,7,91,0.68193
2910,26,8,105,0.26709
2911,26,9,81,1.98979
2912,26,10,0,1.73918
2913,26,11,4,0.92344
2914,26,12,3,0.35793
2915,26,13,0,1.83442
2916,26,14,14,2.29643
2917,26,15,5,1.51604
2918,26,16,0,0.33922
2919,26,17,0,0.50317
2920,26,18,8,1.84397
2921,26,19,0,0.58961
2922,26,20,8,0.6007
2923,26,21,0,2.06439
2924,26,22,8,1.66517
2925,26,23,0,0.52119
2926,26,24,0,1.62649
2927,26,25,3,1.71477
2928,26,26,0,0.92243
2929,26,27,6,0.23071
2930,26,28,4,0.65465
2931,26,29,0,1.33091
2932,26,30,2,1.23129
2933,26,31,1,0.82915
2934,26,32,21,2.13743
2935,26,33,7,1.62744
2936,26,34,2,0.9058
2937,26,35,7,0.891
2938,26,36,2,1.50541
2939,26,37,1,0.58051
2940,26,38,12,1.99473
2941,26,39,11,1.56627
2942,26,40,22,1.50176
2943,26,41,11,1.3341
2944,26,42,6,1.34409
2945,26,43,4,0.12361
2946,26,44,4,1.48304
2947,26,45,0,1.26168
2948,26,46,14,0.43408
2949,26,47,2,1.8753
2950,26,48,0,1.54393
2951,26,49,1,1.50731
2952,26,50,23,1.20941
2953,26,51,0,2.23628
2954,26,52,9,2.23701
2955,26,53,2,0.88451
2956,26,54,3,1.57135
2957,26,55,0,1.73843
2958,26,56,0,2.3387
2959,26,57,39,1.13471
2960,26,58,0,2.2439
2961,26,59,0,1.35525
2962,26,60,0,1.53947
2963,26,61,0,2.17559
2964,26,62,0,0.70485
2965,26,63,0,0.19652
2966,26,64,0,2.09754
2967,26,65,0,1.38877
2968,26,66,0,1.60965
2969,26,67,0,1.36939
2970,26,68,0,1.19415
2971,26,69,0,1.22915
2972,26,70,0,0.95331
2973,26,71,0,0.85567
2974,26,72,0,1.31982
2975,26,73,0,2.27729
2976,26,74,0,1.51046
2977,26,75,0,1.19987
2978,26,76,0,0.38238
2979,26,77,0,1.33353
2980,26,78,0,1.3811
2981,26,79,0,0.93774
2982,26,80,2,1.00113
2983,26,81,0,1.78495
2984,26,82,0,0.46957
2985,26,83,0,0.81987
2986,26,84,0,1.59907
2987,26,85,0,1.87056
2988,26,86,0,0.27487
2989,26,87,0,1.49753
2990,26,88,0,0.1202
2991,26,89,0,0.67709
2992,26,90,0,0.72678
2993,26,91,1,1.04301
2994,26,92,0,2.12158
2995,26,93,0,1.25235
2996,26,94,0,1.07664
2997,26,95,0,1.54548
2998,26,96,0,2.3418
2999,26,97,0,2.25422
3000,26,98,0,0.80069
3001,26,99,0,1.05431
3002,26,100,0,1.21307
3003,26,101,0,0.67349
3004,26,102,0,1.12731
3005,26,103,0,2.33803
3006,26,104,0,0.8895
3007,26,105,0,2.18426
3008,26,106,0,2.20262
3009,26,107,0,0.53505
3010,26,108,0,1.83943
3011,26,109,0,1.20023
3012,26,110,0,2.25092
3013,26,111,0,0.8576
3014,26,112,0,0.1891
3015,26,113,0,1.80266
3016,26,114,0,1.39626
3017,26,115,13,1.91587
3018,26,116,2,0.31626
3019,26,117,36,1.15565
3020,26,118,33,1.67115
1,1,1,254,0.49486
2,1,2,164,2.03051
3,1,3,442,2.34227
4,1,4,18,2.25689
5,1,5,381,0.85855
6,1,6,6,1.00147
7,1,7,141,0.9849
8,1,8,132,2.03202
9,1,9,82,0.71179
10,1,10,20,0.2002
11,1,11,19,0.93599
12,1,12,23,0.54268
13,1,13,0,0.73755
14,1,14,1,0.87969
15,1,15,0,1.29962
16,1,16,1,1.40017
17,1,17,0,1.33729
18,1,18,20,1.12155
19,1,19,14,0.34936
20,1,20,0,1.15117
21,1,21,18,2.23827
22,1,22,2,2.33309
23,1,23,1,1.33024
24,1,24,5,0.43818
25,1,25,4,1.05527
26,1,26,43,2.30847
27,1,27,5,1.40046
28,1,28,0,0.84923
29,1,29,0,0.98187
30,1,30,13,1.34994
31,1,31,10,2.19138
32,1,32,0,1.64198
33,1,33,3,0.52212
34,1,34,10,0.11833
35,1,35,0,0.41975
36,1,36,1,0.38757
37,1,37,2,0.30602
38,1,38,4,1.30754
39,1,39,7,2.23933
40,1,40,0,2.04649
41,1,41,0,0.96531
42,1,42,0,0.67397
43,1,43,8,1.3786
44,1,44,0,1.60521
45,1,45,17,1.7766
46,1,46,4,0.80114
47,1,47,0,1.31104
48,1,48,2,1.85115
49,1,49,10,0.94232
50,1,50,1,1.484
51,1,51,4,1.28679
52,1,52,7,0.17007
53,1,53,3,1.53803
54,1,54,1,0.75615
55,1,68,0,0.17379
56,1,71,0,1.34702
57,1,72,0,1.92696
58,1,77,0,0.54625
59,1,79,0,0.15899
60,1,82,0,1.00404
61,1,85,8,1.70167
62,1,87,1,1.96893
63,1,88,0,1.73767
64,1,89,0,1.39693
65,1,93,0,0.32673
66,1,94,0,1.44662
67,1,100,0,0.1031
68,1,102,0,1.77747
69,1,104,0,0.15244
70,1,105,1,0.88259
1369,13,1,613,2.23883
1370,13,2,596,1.6041
1371,13,3,56,0.96627
1372,13,4,282,0.31581
1373,13,5,57,2.02406
1374,13,6,172,1.68914
1375,13,7,91,1.80539
1376,13,8,106,0.31165
1377,13,9,62,1.23483
1378,13,10,3,1.16183
1379,13,11,3,1.60251
1380,13,12,5,1.31264
1381,13,13,6,0.89841
1382,13,14,0,0.23386
1383,13,15,4,2.26149
1384,13,16,0,1.86071
1385,13,17,0,2.26075
1386,13,18,0,2.09992
1387,13,19,0,0.70453
1388,13,20,9,0.27207
1389,13,21,0,1.40137
1390,13,22,0,1.45657
1391,13,23,27,1.65061
1392,13,24,4,1.98205
1393,13,25,0,0.53649
1394,13,26,6,1.3884
1395,13,27,2,1.85647
1396,13,28,5,1.03148
1397,13,29,0,2.13249
1398,13,30,25,0.66123
1399,13,31,0,0.82446
1400,13,32,0,1.13019
1401,13,33,2,1.34403
1402,13,34,0,0.14197
1403,13,35,2,1.29869
1404,13,36,5,1.92837
1405,13,37,10,1.96113
1406,13,38,10,1.71063
1407,13,39,5,2.23357
1408,13,40,11,0.40356
1409,13,41,8,1.28178
1410,13,42,0,1.29137
1411,13,43,2,1.08009
1412,13,44,10,1.55456
1413,13,45,6,1.51793
1414,13,46,0,1.00638
1415,13,47,6,1.85719
1416,13,48,5,0.20124
1417,13,49,14,2.04903
1418,13,50,4,1.43867
1419,13,51,0,0.1235
1420,13,52,0,1.62295
1421,13,53,11,1.59671
1422,13,54,1,1.7027
1423,13,55,0,2.19512
1424,13,56,0,1.73692
1425,13,57,34,2.15347
1426,13,58,0,2.04641
1427,13,59,0,1.43552
1428,13,60,4,1.51972
1429,13,61,0,0.44091
1430,13,62,1,0.15042
1431,13,63,0,1.17631
1432,13,64,3,0.94161
1433,13,65,0,1.43668
1434,13,66,0,0.57453
1435,13,67,0,1.33904
1436,13,68,0,1.68354
1437,13,69,0,1.60323
1438,13,70,0,1.69787
1439,13,71,0,1.10912
1440,13,72,0,1.37868
1441,13,73,0,1.47455
1442,13,74,0,0.43109
1443,13,75,0,1.3803
1444,13,76,0,1.19171
1445,13,77,0,0.96956
1446,13,78,0,1.53382
1447,13,79,0,0.51095
1448,13,80,0,2.32761
1449,13,81,0,2.07086
1450,13,82,0,0.97974
1451,13,83,4,0.52171
1452,13,84,0,1.14822
1453,13,85,0,2.15676
1454,13,86,0,0.51169
1455,13,87,0,0.89341
1456,13,88,0,0.26707
1457,13,89,0,1.49182
1458,13,90,0,1.56892
1459,13,91,0,0.56019
1460,13,92,0,1.03412
1461,13,93,0,0.26131
1462,13,94,0,2.08601
1463,13,95,0,0.72432
1464,13,96,0,0.86105
1465,13,97,0,0.21737
1466,13,98,0,1.40414
1467,13,99,0,0.85614
1468,13,100,0,0.50609
1469,13,101,0,0.29268
1470,13,102,0,1.47388
1471,13,103,0,2.09929
1472,13,104,0,1.282
1473,13,105,0,0.19908
1474,13,106,0,1.37733
1475,13,107,0,2.02961
1476,13,108,0,0.81986
1477,13,109,0,0.37351
1478,13,110,0,2.15471
1479,13,111,0,1.10918
1480,13,112,0,1.70994
1481,13,113,0,0.68449
1482,13,114,0,0.99497
1483,13,115,11,1.02837
1484,13,116,4,2.3107
1485,13,117,15,0.34862
1486,13,118,26,1.72287
2785,25,1,529,0.52827
2786,25,2,13,2.26937
2787,25,3,491,0.67102
2788,25,4,17,0.27078
2789,25,5,222,0.27599
2790,25,6,188,0.75746
2791,25,7,32,1.34606
2792,25,8,104,1.40562
2793,25,9,15,1.30907
2794,25,10,12,2.04261
2795,25,11,1,1.29987
2796,25,12,0,1.13098
2797,25,13,0,2.10502
2798,25,14,9,1.15827
2799,25,15,0,2.32591
2800,25,16,23,1.42605
2801,25,17,6,0.89095
2802,25,18,1,1.77573
2803,25,19,6,0.85857
2804,25,20,0,1.09663
2805,25,21,0,1.54841
2806,25,22,7,1.05592
2807,25,23,10,0.50789
2808,25,24,9,0.26436
2809,25,25,6,1.82995
2810,25,26,1,0.77932
2811,25,27,1,1.3324
2812,25,28,21,0.36625
2813,25,29,1,1.60907
2814,25,30,0,0.73479
2815,25,31,1,0.94951
2816,25,32,0,0.48646
2817,25,33,2,1.99243
2818,25,34,4,0.80879
2819,25,35,1,2.09162
2820,25,36,0,1.18523
2821,25,37,7,1.06015
2822,25,38,6,0.1121
2823,25,39,0,0.453
2824,25,40,3,1.78696
2825,25,41,0,0.67251
2826,25,42,5,0.52718
2827,25,43,12,1.45269
2828,25,44,0,1.79812
2829,25,45,0,0.31474
2830,25,46,17,1.45244
2831,25,47,0,1.50699
2832,25,48,9,1.88764
2833,25,49,6,0.41429
2834,25,50,14,2.24533
2835,25,51,2,0.7955
2836,25,52,2,0.71885
2837,25,53,0,1.43643
2838,25,54,10,1.48199
2839,25,55,0,2.03768
2840,25,56,0,2.03583
2841,25,57,15,0.58128
2842,25,58,0,0.69135
2843,25,59,0,2.32011
2844,25,60,0,1.77452
2845,25,61,0,1.71856
2846,25,62,0,2.07795
2847,25,63,0,0.65346
2848,25,64,0,0.1902
2849,25,65,0,0.21092
2850,25,66,0,0.38304
2851,25,67,0,0.91883
2852,25,68,0,0.42023
2853,25,69,0,2.10126
2854,25,70,0,0.76509
2855,25,71,0,1.75165
2856,25,72,0,1.47058
2857,25,73,0,1.7261
2858,25,74,0,0.74634
2859,25,75,0,1.32397
2860,25,76,0,1.2696
2861,25,77,0,2.07271
2862,25,78,0,0.32438
2863,25,79,0,1.29607
2864,25,80,0,2.11812
2865,25,81,0,2.11622
2866,25,82,0,1.05467
2867,25,83,0,1.86898
2868,25,84,0,0.23083
2869,25,85,0,1.99864
2870,25,86,0,1.45481
2871,25,87,1,0.30525
2872,25,88,0,1.99622
2873,25,89,0,0.13051
2874,25,90,0,1.89555
2875,25,91,0,1.87662
2876,25,92,0,0.6689
2877,25,93,1,0.83802
2878,25,94,0,0.74314
2879,25,95,0,2.09363
2880,25,96,0,1.81276
2881,25,97,0,1.96153
2882,25,98,0,0.49009
2883,25,99,1,1.08272
2884,25,100,0,0.12246
2885,25,101,0,0.82082
2886,25,102,0,1.30941
2887,25,103,0,1.3769
2888,25,104,0,0.98486
2889,25,105,0,0.81297
2890,25,106,0,1.01919
2891,25,107,0,1.64528
2892,25,108,0,1.40687
2893,25,109,0,1.3972
2894,25,110,0,0.33304
2895,25,111,0,2.19635
2896,25,112,0,0.77866
2897,25,113,0,0.4912
2898,25,114,0,1.7065
2899,25,115,9,0.23372
2900,25,116,1,2.15859
2901,25,117,37,1.6424
2902,25,118,16,1.75395
